[{"model": "contenttypes.contenttype", "pk": 1, "fields": {"app_label": "admin", "model": "logentry"}}, {"model": "contenttypes.contenttype", "pk": 2, "fields": {"app_label": "auth", "model": "permission"}}, {"model": "contenttypes.contenttype", "pk": 3, "fields": {"app_label": "auth", "model": "group"}}, {"model": "contenttypes.contenttype", "pk": 4, "fields": {"app_label": "contenttypes", "model": "contenttype"}}, {"model": "contenttypes.contenttype", "pk": 5, "fields": {"app_label": "sessions", "model": "session"}}, {"model": "contenttypes.contenttype", "pk": 6, "fields": {"app_label": "authtoken", "model": "token"}}, {"model": "contenttypes.contenttype", "pk": 7, "fields": {"app_label": "ProfileManager", "model": "userprofile"}}, {"model": "contenttypes.contenttype", "pk": 8, "fields": {"app_label": "AgentManager", "model": "agent"}}, {"model": "contenttypes.contenttype", "pk": 9, "fields": {"app_label": "AgentManager", "model": "userpermissions"}}, {"model": "contenttypes.contenttype", "pk": 10, "fields": {"app_label": "AgentManager", "model": "intent"}}, {"model": "contenttypes.contenttype", "pk": 11, "fields": {"app_label": "AgentManager", "model": "blockresponse"}}, {"model": "contenttypes.contenttype", "pk": 12, "fields": {"app_label": "AgentManager", "model": "gallery"}}, {"model": "contenttypes.contenttype", "pk": 13, "fields": {"app_label": "AgentManager", "model": "mixedresponse"}}, {"model": "contenttypes.contenttype", "pk": 14, "fields": {"app_label": "AgentManager", "model": "textresponse"}}, {"model": "contenttypes.contenttype", "pk": 15, "fields": {"app_label": "AgentManager", "model": "slider"}}, {"model": "contenttypes.contenttype", "pk": 16, "fields": {"app_label": "AgentManager", "model": "simpleresponse"}}, {"model": "contenttypes.contenttype", "pk": 17, "fields": {"app_label": "AgentManager", "model": "randomtext"}}, {"model": "contenttypes.contenttype", "pk": 18, "fields": {"app_label": "AgentManager", "model": "quickreply"}}, {"model": "contenttypes.contenttype", "pk": 19, "fields": {"app_label": "AgentManager", "model": "question"}}, {"model": "contenttypes.contenttype", "pk": 20, "fields": {"app_label": "AgentManager", "model": "image"}}, {"model": "contenttypes.contenttype", "pk": 21, "fields": {"app_label": "AgentManager", "model": "button"}}, {"model": "contenttypes.contenttype", "pk": 22, "fields": {"app_label": "AgentManager", "model": "outputcontext"}}, {"model": "contenttypes.contenttype", "pk": 23, "fields": {"app_label": "AgentManager", "model": "inputcontext"}}, {"model": "contenttypes.contenttype", "pk": 24, "fields": {"app_label": "analytics", "model": "conversation"}}, {"model": "contenttypes.contenttype", "pk": 25, "fields": {"app_label": "analytics", "model": "agentstats"}}, {"model": "sessions.session", "pk": "dv15x2khdk382oe92nhf1fbwg85rbd1v", "fields": {"session_data": "ZDAwOGRkMzU2MDI0MTE5NDI4NjBkZmE3YTE4OTg3MmUyY2IxMjkyZDp7Il9hdXRoX3VzZXJfaWQiOiIxIiwiX2F1dGhfdXNlcl9iYWNrZW5kIjoiZGphbmdvLmNvbnRyaWIuYXV0aC5iYWNrZW5kcy5Nb2RlbEJhY2tlbmQiLCJfYXV0aF91c2VyX2hhc2giOiI1MWFmYjZmNjlkMzMzNWNlN2EyMTY4ZmUyMzNjNDM5ZTE2ZGEzMTE1In0=", "expire_date": "2020-01-07T11:58:53.483Z"}}, {"model": "sessions.session", "pk": "mzweypgno35fnll6dp5hd7q9qbh76hte", "fields": {"session_data": "ZDAwOGRkMzU2MDI0MTE5NDI4NjBkZmE3YTE4OTg3MmUyY2IxMjkyZDp7Il9hdXRoX3VzZXJfaWQiOiIxIiwiX2F1dGhfdXNlcl9iYWNrZW5kIjoiZGphbmdvLmNvbnRyaWIuYXV0aC5iYWNrZW5kcy5Nb2RlbEJhY2tlbmQiLCJfYXV0aF91c2VyX2hhc2giOiI1MWFmYjZmNjlkMzMzNWNlN2EyMTY4ZmUyMzNjNDM5ZTE2ZGEzMTE1In0=", "expire_date": "2020-02-12T13:35:02.555Z"}}, {"model": "sessions.session", "pk": "vpm95uw0agttasxwp6ecdtcg139q2hev", "fields": {"session_data": "ZDAwOGRkMzU2MDI0MTE5NDI4NjBkZmE3YTE4OTg3MmUyY2IxMjkyZDp7Il9hdXRoX3VzZXJfaWQiOiIxIiwiX2F1dGhfdXNlcl9iYWNrZW5kIjoiZGphbmdvLmNvbnRyaWIuYXV0aC5iYWNrZW5kcy5Nb2RlbEJhY2tlbmQiLCJfYXV0aF91c2VyX2hhc2giOiI1MWFmYjZmNjlkMzMzNWNlN2EyMTY4ZmUyMzNjNDM5ZTE2ZGEzMTE1In0=", "expire_date": "2020-01-23T09:14:42.074Z"}}, {"model": "sessions.session", "pk": "vu1c3ywm2vmmpbbkpb6ehixlodc5utaw", "fields": {"session_data": "ZDAwOGRkMzU2MDI0MTE5NDI4NjBkZmE3YTE4OTg3MmUyY2IxMjkyZDp7Il9hdXRoX3VzZXJfaWQiOiIxIiwiX2F1dGhfdXNlcl9iYWNrZW5kIjoiZGphbmdvLmNvbnRyaWIuYXV0aC5iYWNrZW5kcy5Nb2RlbEJhY2tlbmQiLCJfYXV0aF91c2VyX2hhc2giOiI1MWFmYjZmNjlkMzMzNWNlN2EyMTY4ZmUyMzNjNDM5ZTE2ZGEzMTE1In0=", "expire_date": "2019-12-23T09:38:25.177Z"}}, {"model": "sessions.session", "pk": "wmmp5k7i080cc6a2tizgu6p2bbzzhv5p", "fields": {"session_data": "ZDAwOGRkMzU2MDI0MTE5NDI4NjBkZmE3YTE4OTg3MmUyY2IxMjkyZDp7Il9hdXRoX3VzZXJfaWQiOiIxIiwiX2F1dGhfdXNlcl9iYWNrZW5kIjoiZGphbmdvLmNvbnRyaWIuYXV0aC5iYWNrZW5kcy5Nb2RlbEJhY2tlbmQiLCJfYXV0aF91c2VyX2hhc2giOiI1MWFmYjZmNjlkMzMzNWNlN2EyMTY4ZmUyMzNjNDM5ZTE2ZGEzMTE1In0=", "expire_date": "2019-12-27T09:23:47.894Z"}}, {"model": "sessions.session", "pk": "xcrkrfywb0ppdof9ugq8677g58w7r6jp", "fields": {"session_data": "ZDAwOGRkMzU2MDI0MTE5NDI4NjBkZmE3YTE4OTg3MmUyY2IxMjkyZDp7Il9hdXRoX3VzZXJfaWQiOiIxIiwiX2F1dGhfdXNlcl9iYWNrZW5kIjoiZGphbmdvLmNvbnRyaWIuYXV0aC5iYWNrZW5kcy5Nb2RlbEJhY2tlbmQiLCJfYXV0aF91c2VyX2hhc2giOiI1MWFmYjZmNjlkMzMzNWNlN2EyMTY4ZmUyMzNjNDM5ZTE2ZGEzMTE1In0=", "expire_date": "2019-12-24T11:41:04.463Z"}}, {"model": "AgentManager.agent", "pk": 1, "fields": {"name": "Rita_Bot", "language": "Fracais", "time_zone": "GMT +1", "status": "Non entra\u00een\u00e9", "date_create": "2019-12-09T09:48:43.938Z", "date_update": "2020-01-16T11:32:33.977Z", "image": "upoloads/image/11a201ff-5df0-483b-9248-5f8b07a89f5d.jpg", "port": null}}, {"model": "AgentManager.agent", "pk": 2, "fields": {"name": "ICONA2", "language": "anglais", "time_zone": "GMT +1", "status": "Non entra\u00een\u00e9", "date_create": "2019-12-09T11:43:52Z", "date_update": "2020-01-20T15:04:04.574Z", "image": "upoloads/image/9e9ce62c-952c-4087-a330-a351e7fca14f.png", "port": 8002}}, {"model": "AgentManager.agent", "pk": 57, "fields": {"name": "Rita_Bot2", "language": "Fracais", "time_zone": "GMT +1", "status": "Non entra\u00een\u00e9", "date_create": "2019-12-12T15:08:31.162Z", "date_update": "2019-12-19T15:28:56.185Z", "image": "upoloads/image/c0d9579a-d0ed-43c9-836c-c50ba5a30ebc.png", "port": null}}, {"model": "AgentManager.agent", "pk": 59, "fields": {"name": "Testperm", "language": "francais", "time_zone": "GMT +1", "status": "Non entra\u00een\u00e9", "date_create": "2019-12-13T10:48:39.455Z", "date_update": "2019-12-13T10:48:39.455Z", "image": "upoloads/image/02b28911-4967-4ba2-b9b5-9d37badc9362.png", "port": null}}, {"model": "AgentManager.agent", "pk": 60, "fields": {"name": "ICONA1", "language": "anglais", "time_zone": "GMT +1", "status": "Non entra\u00een\u00e9", "date_create": "2019-12-16T15:41:49.776Z", "date_update": "2019-12-16T15:41:49.891Z", "image": "upoloads/image/e7a615c3-f288-4f63-8595-2d5e6ee8e712.png", "port": null}}, {"model": "AgentManager.agent", "pk": 61, "fields": {"name": "ICON", "language": "anglais", "time_zone": "GMT +1", "status": "Non entra\u00een\u00e9", "date_create": "2019-12-16T15:44:52.748Z", "date_update": "2019-12-16T15:44:52.833Z", "image": "upoloads/image/5cc5ee0f-3967-4b9f-a4fa-3590fefce207.png", "port": null}}, {"model": "AgentManager.agent", "pk": 62, "fields": {"name": "ICON", "language": "anglais", "time_zone": "GMT +1", "status": "Non entra\u00een\u00e9", "date_create": "2019-12-16T15:47:10.100Z", "date_update": "2019-12-16T15:47:10.233Z", "image": "upoloads/image/d321eddd-1447-4a94-a495-6dec65064f58.png", "port": null}}, {"model": "AgentManager.agent", "pk": 63, "fields": {"name": "ICON", "language": "anglais", "time_zone": "GMT +1", "status": "Non entra\u00een\u00e9", "date_create": "2019-12-16T15:48:12.366Z", "date_update": "2019-12-16T15:48:12.457Z", "image": "upoloads/image/fc791fcf-0bc9-40ca-acf2-db0ea619ad7e.png", "port": null}}, {"model": "AgentManager.agent", "pk": 64, "fields": {"name": "ICON", "language": "anglais", "time_zone": "GMT +1", "status": "Non entra\u00een\u00e9", "date_create": "2019-12-16T15:49:04.624Z", "date_update": "2019-12-16T15:49:04.739Z", "image": "upoloads/image/09a5cce8-d3c4-45b4-b128-21b34abb0f10.png", "port": null}}, {"model": "AgentManager.agent", "pk": 65, "fields": {"name": "ICON", "language": "anglais", "time_zone": "GMT +1", "status": "Non entra\u00een\u00e9", "date_create": "2019-12-16T15:49:38.916Z", "date_update": "2019-12-16T15:49:39.035Z", "image": "upoloads/image/1225097b-bf4b-4fa2-91df-75f40962fac4.png", "port": null}}, {"model": "AgentManager.agent", "pk": 66, "fields": {"name": "ICON", "language": "anglais", "time_zone": "GMT +1", "status": "Non entra\u00een\u00e9", "date_create": "2019-12-16T15:50:28.000Z", "date_update": "2019-12-16T15:50:28.096Z", "image": "upoloads/image/9c0f2ee0-2f4f-43ec-a6c7-929e8b1ed656.png", "port": null}}, {"model": "AgentManager.agent", "pk": 67, "fields": {"name": "ICON", "language": "anglais", "time_zone": "GMT +1", "status": "Non entra\u00een\u00e9", "date_create": "2019-12-16T15:50:41.386Z", "date_update": "2019-12-16T15:50:41.468Z", "image": "upoloads/image/1e88847b-d1e8-414a-a86d-0a0cf31b07a9.png", "port": null}}, {"model": "AgentManager.agent", "pk": 68, "fields": {"name": "ICON", "language": "anglais", "time_zone": "GMT +1", "status": "Non entra\u00een\u00e9", "date_create": "2019-12-16T15:52:44.119Z", "date_update": "2019-12-16T15:52:44.257Z", "image": "upoloads/image/6c377e48-6a87-496d-a80f-e29b9af27dd0.png", "port": null}}, {"model": "AgentManager.agent", "pk": 69, "fields": {"name": "Rita_Bot2", "language": "Fracais", "time_zone": "GMT +1", "status": "Non entra\u00een\u00e9", "date_create": "2019-12-16T16:08:04.215Z", "date_update": "2019-12-16T16:08:04.335Z", "image": "upoloads/image/7b104e0c-a038-4520-a13c-73e06e5a8754.jpg", "port": null}}, {"model": "AgentManager.agent", "pk": 98, "fields": {"name": "test with image uploaded", "language": "Francais", "time_zone": "GMT +1", "status": "Non entra\u00een\u00e9", "date_create": "2019-12-24T12:00:52.275Z", "date_update": "2019-12-24T12:00:52.275Z", "image": "upoloads/image/3cac3bfa-517e-4750-8efc-036cff13e36a.png", "port": null}}, {"model": "AgentManager.agent", "pk": 100, "fields": {"name": "test agent with default image", "language": "anglais", "time_zone": "GMT +1", "status": "Non entra\u00een\u00e9", "date_create": "2019-12-24T12:06:13.893Z", "date_update": "2019-12-24T12:06:13.893Z", "image": "upoloads/image/30e38529-4938-4603-9b85-739a30c72d2a.png", "port": null}}, {"model": "AgentManager.agent", "pk": 101, "fields": {"name": "testforinvit", "language": "anglais", "time_zone": "GMT +1", "status": "Non entra\u00een\u00e9", "date_create": "2019-12-25T10:30:16.272Z", "date_update": "2019-12-25T10:30:16.272Z", "image": "upoloads/image/ed0b4849-b2c4-465c-abfe-853c9a1a4099.png", "port": null}}, {"model": "AgentManager.agent", "pk": 102, "fields": {"name": "abdelmonom", "language": "anglais", "time_zone": "GMT +1", "status": "Non entra\u00een\u00e9", "date_create": "2020-01-09T09:58:44.599Z", "date_update": "2020-01-09T09:58:44.599Z", "image": "upoloads/image/8f3ce796-de0d-44e8-9749-9703c282efa5.png", "port": null}}, {"model": "AgentManager.agent", "pk": 103, "fields": {"name": "abdelmonom", "language": "anglais", "time_zone": "GMT +1", "status": "Non entra\u00een\u00e9", "date_create": "2020-01-09T09:59:05.719Z", "date_update": "2020-01-09T09:59:05.720Z", "image": "upoloads/image/a4bbd58d-84ed-4b51-949c-0a3c7052113e.png", "port": null}}, {"model": "AgentManager.agent", "pk": 104, "fields": {"name": "testport", "language": "anglais", "time_zone": "GMT +1", "status": "Non entra\u00een\u00e9", "date_create": "2020-01-09T10:35:40.779Z", "date_update": "2020-01-09T10:35:40.952Z", "image": "upoloads/image/09b3966a-a98c-43e5-85e1-985d456b2645.png", "port": 8104}}, {"model": "AgentManager.agent", "pk": 105, "fields": {"name": "hello", "language": "Fracais", "time_zone": "GMT +1", "status": "Non entra\u00een\u00e9", "date_create": "2020-01-09T14:34:10.857Z", "date_update": "2020-01-09T14:34:16.729Z", "image": "upoloads/image/982a75ee-235f-49bc-8f0e-ad2c7be38333.png", "port": null}}, {"model": "AgentManager.agent", "pk": 106, "fields": {"name": "hello5", "language": "Fracais", "time_zone": "GMT +1", "status": "Non entra\u00een\u00e9", "date_create": "2020-01-09T14:35:13.532Z", "date_update": "2020-01-09T14:35:19.050Z", "image": "upoloads/image/982a75ee-235f-49bc-8f0e-ad2c7be38333.png", "port": null}}, {"model": "AgentManager.agent", "pk": 107, "fields": {"name": "Rita_Bot4", "language": "Fracais", "time_zone": "GMT +1", "status": "Non entra\u00een\u00e9", "date_create": "2020-01-09T14:37:37.296Z", "date_update": "2020-01-09T14:37:42.935Z", "image": "upoloads/image/2f0a310c-63da-4f72-824b-47eb92314df4.jpg", "port": null}}, {"model": "AgentManager.agent", "pk": 108, "fields": {"name": "django", "language": "anglais", "time_zone": "GMT +1", "status": "Non entra\u00een\u00e9", "date_create": "2020-01-13T13:34:49.398Z", "date_update": "2020-01-13T13:34:49.451Z", "image": "upoloads/image/6ffcdf60-3b16-4b16-961d-64321f536e71.png", "port": 8108}}, {"model": "AgentManager.agent", "pk": 109, "fields": {"name": "fez", "language": "fz", "time_zone": "fez", "status": "Non entra\u00een\u00e9", "date_create": "2020-01-13T13:41:10.620Z", "date_update": "2020-01-13T13:41:10.710Z", "image": "upoloads/image/257ffe57-9a37-49ed-ba33-5b49101cdba9.png", "port": 8109}}, {"model": "AgentManager.agent", "pk": 110, "fields": {"name": "marwa ch", "language": "Anglais", "time_zone": "GMT + 1", "status": "Non entra\u00een\u00e9", "date_create": "2020-01-15T13:50:56.225Z", "date_update": "2020-01-15T13:50:56.309Z", "image": "upoloads/image/31db872e-603f-4a4c-920f-bf460aa5fc87.png", "port": 8110}}, {"model": "AgentManager.agent", "pk": 111, "fields": {"name": "cup", "language": "Anglais", "time_zone": "GMT + 1", "status": "Non entra\u00een\u00e9", "date_create": "2020-01-15T13:52:32.280Z", "date_update": "2020-01-15T13:52:32.408Z", "image": "upoloads/image/a783f756-720c-4ced-a1d0-844ae0e601b2.png", "port": 8111}}, {"model": "AgentManager.agent", "pk": 112, "fields": {"name": "x", "language": "Francais", "time_zone": "GMT + 1", "status": "Non entra\u00een\u00e9", "date_create": "2020-01-15T13:54:22.990Z", "date_update": "2020-01-15T13:54:23.071Z", "image": "upoloads/image/1970c7ab-1a5e-4612-b9a3-991a73058033.png", "port": 8112}}, {"model": "AgentManager.agent", "pk": 113, "fields": {"name": "test1", "language": "Francais", "time_zone": "GMT + 1", "status": "Non entra\u00een\u00e9", "date_create": "2020-01-15T15:43:40.002Z", "date_update": "2020-01-15T15:43:40.107Z", "image": "upoloads/image/bcb60dfd-835c-4237-88d8-4567c57ab215.png", "port": 8113}}, {"model": "AgentManager.agent", "pk": 114, "fields": {"name": "test1", "language": "Anglais", "time_zone": "GMT + 1", "status": "Non entra\u00een\u00e9", "date_create": "2020-01-15T15:46:32.924Z", "date_update": "2020-01-15T15:46:33.069Z", "image": "upoloads/image/052f518a-d8d2-4152-9caf-5dbed15816fd.png", "port": 8114}}, {"model": "AgentManager.agent", "pk": 115, "fields": {"name": "test1", "language": "Francais", "time_zone": "GMT + 1", "status": "Non entra\u00een\u00e9", "date_create": "2020-01-15T15:48:42.741Z", "date_update": "2020-01-15T15:49:46.202Z", "image": "upoloads/image/88a80ea0-d3bc-417b-85da-c0d3bb50f8e9.jpg", "port": 8115}}, {"model": "AgentManager.agent", "pk": 116, "fields": {"name": "Rita", "language": "anglais", "time_zone": "GMT +1", "status": "Non entra\u00een\u00e9", "date_create": "2020-01-16T08:44:26.809Z", "date_update": "2020-02-03T12:26:18.069Z", "image": "upoloads/image/982a75ee-235f-49bc-8f0e-ad2c7be38333.png", "port": 8116}}, {"model": "AgentManager.agent", "pk": 117, "fields": {"name": "icona", "language": "francais", "time_zone": "GMT +1", "status": "non entrainer", "date_create": "2020-01-16T08:46:37.749Z", "date_update": "2020-01-31T12:17:45.592Z", "image": "upoloads/image/7b03ab50-daf7-4546-90d1-3e475aa0e01a.png", "port": 8117}}, {"model": "AgentManager.agent", "pk": 118, "fields": {"name": "marwa", "language": "Francais", "time_zone": "GMT +2", "status": "Non entra\u00een\u00e9", "date_create": "2020-01-20T15:01:13.913Z", "date_update": "2020-01-21T15:57:39.947Z", "image": "upoloads/image/be6cd58c-a65e-4dca-b171-ede3848bd830.png", "port": 8118}}, {"model": "AgentManager.intent", "pk": 2, "fields": {"name": "salutation1", "date_create": "2019-12-02T16:22:14Z", "date_update": "2019-12-13T16:22:15.883Z", "agent": 2}}, {"model": "AgentManager.intent", "pk": 3, "fields": {"name": "services", "date_create": "2019-12-09T00:00:00Z", "date_update": "2019-12-16T14:46:07.484Z", "agent": 2}}, {"model": "AgentManager.intent", "pk": 4, "fields": {"name": "products", "date_create": "2019-12-09T00:00:00Z", "date_update": "2019-12-16T14:46:17.698Z", "agent": 2}}, {"model": "AgentManager.intent", "pk": 9, "fields": {"name": "salutation by post", "date_create": "2019-12-10T16:54:28Z", "date_update": "2019-12-13T16:22:33.235Z", "agent": 1}}, {"model": "AgentManager.intent", "pk": 10, "fields": {"name": "Testing Salutation in update method", "date_create": "2019-12-13T16:23:01.575Z", "date_update": "2019-12-13T16:33:15.235Z", "agent": 1}}, {"model": "AgentManager.intent", "pk": 11, "fields": {"name": "salutation12", "date_create": "2019-12-16T15:52:44.530Z", "date_update": "2019-12-16T15:52:44.530Z", "agent": 68}}, {"model": "AgentManager.intent", "pk": 12, "fields": {"name": "servicess", "date_create": "2019-12-16T15:52:44.658Z", "date_update": "2019-12-16T15:52:44.658Z", "agent": 68}}, {"model": "AgentManager.intent", "pk": 13, "fields": {"name": "productss", "date_create": "2019-12-16T15:52:44.780Z", "date_update": "2019-12-16T15:52:44.780Z", "agent": 68}}, {"model": "AgentManager.intent", "pk": 17, "fields": {"name": "Testing Salutation in update method", "date_create": "2019-12-17T09:54:57Z", "date_update": "2019-12-19T16:33:14.944Z", "agent": 57}}, {"model": "AgentManager.intent", "pk": 18, "fields": {"name": "salutation test avec context", "date_create": "2019-12-17T14:50:45.660Z", "date_update": "2019-12-17T14:50:45.660Z", "agent": 1}}, {"model": "AgentManager.intent", "pk": 20, "fields": {"name": "salutation test avec context input/output", "date_create": "2019-12-17T14:53:34.386Z", "date_update": "2019-12-17T14:53:34.386Z", "agent": 1}}, {"model": "AgentManager.intent", "pk": 23, "fields": {"name": "Testing Salutation avec polistesse", "date_create": "2019-12-19T15:57:35Z", "date_update": "2019-12-19T16:29:38.298Z", "agent": 57}}, {"model": "AgentManager.intent", "pk": 24, "fields": {"name": "salutation by post", "date_create": "2020-01-09T14:34:11.041Z", "date_update": "2020-01-09T14:34:11.135Z", "agent": 105}}, {"model": "AgentManager.intent", "pk": 25, "fields": {"name": "Testing Salutation in update method", "date_create": "2020-01-09T14:34:12.606Z", "date_update": "2020-01-09T14:34:12.715Z", "agent": 105}}, {"model": "AgentManager.intent", "pk": 26, "fields": {"name": "salutation test avec context", "date_create": "2020-01-09T14:34:14.181Z", "date_update": "2020-01-09T14:34:14.290Z", "agent": 105}}, {"model": "AgentManager.intent", "pk": 27, "fields": {"name": "salutation test avec context input/output", "date_create": "2020-01-09T14:34:16.729Z", "date_update": "2020-01-09T14:34:16.826Z", "agent": 105}}, {"model": "AgentManager.intent", "pk": 28, "fields": {"name": "salutation by post", "date_create": "2020-01-09T14:35:13.763Z", "date_update": "2020-01-09T14:35:13.832Z", "agent": 106}}, {"model": "AgentManager.intent", "pk": 29, "fields": {"name": "Testing Salutation in update method", "date_create": "2020-01-09T14:35:15.087Z", "date_update": "2020-01-09T14:35:15.163Z", "agent": 106}}, {"model": "AgentManager.intent", "pk": 30, "fields": {"name": "salutation test avec context", "date_create": "2020-01-09T14:35:16.335Z", "date_update": "2020-01-09T14:35:16.436Z", "agent": 106}}, {"model": "AgentManager.intent", "pk": 31, "fields": {"name": "salutation test avec context input/output", "date_create": "2020-01-09T14:35:19.050Z", "date_update": "2020-01-09T14:35:19.135Z", "agent": 106}}, {"model": "AgentManager.intent", "pk": 32, "fields": {"name": "salutation by post", "date_create": "2020-01-09T14:37:37.577Z", "date_update": "2020-01-09T14:37:37.684Z", "agent": 107}}, {"model": "AgentManager.intent", "pk": 33, "fields": {"name": "Testing Salutation in update method", "date_create": "2020-01-09T14:37:38.984Z", "date_update": "2020-01-09T14:37:39.048Z", "agent": 107}}, {"model": "AgentManager.intent", "pk": 34, "fields": {"name": "salutation test avec context", "date_create": "2020-01-09T14:37:40.200Z", "date_update": "2020-01-09T14:37:40.277Z", "agent": 107}}, {"model": "AgentManager.intent", "pk": 35, "fields": {"name": "salutation test avec context input/output", "date_create": "2020-01-09T14:37:42.935Z", "date_update": "2020-01-09T14:37:43.012Z", "agent": 107}}, {"model": "AgentManager.intent", "pk": 36, "fields": {"name": "marwa", "date_create": "2020-01-15T13:32:54.715Z", "date_update": "2020-01-15T13:32:54.798Z", "agent": 1}}, {"model": "AgentManager.intent", "pk": 328, "fields": {"name": "selim.hafsii@gmail.com", "date_create": "2020-01-20T15:35:00.893Z", "date_update": "2020-01-20T15:35:00.973Z", "agent": 116}}, {"model": "AgentManager.intent", "pk": 329, "fields": {"name": "marwaaa", "date_create": "2020-01-20T15:48:37.561Z", "date_update": "2020-01-20T15:48:37.654Z", "agent": 118}}, {"model": "AgentManager.intent", "pk": 330, "fields": {"name": "call", "date_create": "2020-01-20T15:51:42.730Z", "date_update": "2020-01-20T15:51:42.828Z", "agent": 118}}, {"model": "AgentManager.intent", "pk": 331, "fields": {"name": "new intent", "date_create": "2020-01-21T08:15:18.060Z", "date_update": "2020-01-21T08:15:18.166Z", "agent": 118}}, {"model": "AgentManager.intent", "pk": 332, "fields": {"name": "gallery", "date_create": "2020-01-21T08:31:11.539Z", "date_update": "2020-01-21T08:31:11.648Z", "agent": 118}}, {"model": "AgentManager.intent", "pk": 333, "fields": {"name": "xx", "date_create": "2020-01-21T09:02:16.088Z", "date_update": "2020-01-21T09:02:16.190Z", "agent": 118}}, {"model": "AgentManager.intent", "pk": 334, "fields": {"name": "gallery with btn", "date_create": "2020-01-21T09:03:21.784Z", "date_update": "2020-01-21T09:03:21.877Z", "agent": 118}}, {"model": "AgentManager.intent", "pk": 335, "fields": {"name": "nv gallery btn", "date_create": "2020-01-21T09:06:23.334Z", "date_update": "2020-01-21T09:06:23.563Z", "agent": 118}}, {"model": "AgentManager.intent", "pk": 336, "fields": {"name": "gallery tbn", "date_create": "2020-01-21T09:07:31.110Z", "date_update": "2020-01-21T09:07:31.243Z", "agent": 118}}, {"model": "AgentManager.intent", "pk": 337, "fields": {"name": "here gallery", "date_create": "2020-01-21T09:12:30.709Z", "date_update": "2020-01-21T09:12:30.813Z", "agent": 118}}, {"model": "AgentManager.intent", "pk": 342, "fields": {"name": "testWithQuestionsetre7", "date_create": "2020-01-21T09:22:44.110Z", "date_update": "2020-01-21T09:22:44.185Z", "agent": 116}}, {"model": "AgentManager.intent", "pk": 344, "fields": {"name": "testWithQuestionsetre8", "date_create": "2020-01-21T09:27:05.781Z", "date_update": "2020-01-21T09:27:05.858Z", "agent": 116}}, {"model": "AgentManager.intent", "pk": 345, "fields": {"name": "testWithQuestionsetre9", "date_create": "2020-01-21T09:27:45.553Z", "date_update": "2020-01-21T09:27:45.663Z", "agent": 116}}, {"model": "AgentManager.intent", "pk": 346, "fields": {"name": "testWithQuestionsetre10", "date_create": "2020-01-21T09:31:04.459Z", "date_update": "2020-01-21T09:31:04.528Z", "agent": 116}}, {"model": "AgentManager.intent", "pk": 348, "fields": {"name": "testWithQuestionsetre12", "date_create": "2020-01-21T09:34:50.579Z", "date_update": "2020-01-21T09:34:50.668Z", "agent": 116}}, {"model": "AgentManager.intent", "pk": 349, "fields": {"name": "marwa", "date_create": "2020-01-21T09:35:41.076Z", "date_update": "2020-01-21T09:35:41.148Z", "agent": 118}}, {"model": "AgentManager.intent", "pk": 350, "fields": {"name": "testWithQuestionsetre124", "date_create": "2020-01-21T09:41:32.851Z", "date_update": "2020-01-21T09:41:32.920Z", "agent": 116}}, {"model": "AgentManager.intent", "pk": 351, "fields": {"name": "addd", "date_create": "2020-01-21T09:42:16.360Z", "date_update": "2020-01-21T09:42:16.451Z", "agent": 116}}, {"model": "AgentManager.intent", "pk": 352, "fields": {"name": "addds", "date_create": "2020-01-21T09:42:54.967Z", "date_update": "2020-01-21T09:42:55.037Z", "agent": 116}}, {"model": "AgentManager.intent", "pk": 353, "fields": {"name": "testWithQuestionsetre1245", "date_create": "2020-01-21T09:44:32.792Z", "date_update": "2020-01-21T09:44:32.874Z", "agent": 116}}, {"model": "AgentManager.intent", "pk": 354, "fields": {"name": "galleryyy", "date_create": "2020-01-21T09:46:56.029Z", "date_update": "2020-01-21T09:46:56.130Z", "agent": 118}}, {"model": "AgentManager.intent", "pk": 355, "fields": {"name": "gallery + imagee", "date_create": "2020-01-21T10:27:35.590Z", "date_update": "2020-01-21T10:27:35.704Z", "agent": 118}}, {"model": "AgentManager.intent", "pk": 356, "fields": {"name": "rep compose rep smple", "date_create": "2020-01-21T11:32:37.833Z", "date_update": "2020-01-21T11:32:37.918Z", "agent": 118}}, {"model": "AgentManager.intent", "pk": 358, "fields": {"name": "testWithQuestionsetre1012", "date_create": "2020-01-21T15:31:56.732Z", "date_update": "2020-01-21T15:31:56.807Z", "agent": 116}}, {"model": "AgentManager.intent", "pk": 359, "fields": {"name": "test ", "date_create": "2020-01-21T15:38:54.637Z", "date_update": "2020-01-21T15:38:54.714Z", "agent": 118}}, {"model": "AgentManager.intent", "pk": 360, "fields": {"name": "autre", "date_create": "2020-01-21T15:57:39.947Z", "date_update": "2020-01-21T15:57:40.049Z", "agent": 118}}, {"model": "AgentManager.intent", "pk": 361, "fields": {"name": "testWithQuestionsetre", "date_create": "2020-01-30T13:36:25.325Z", "date_update": "2020-01-30T13:36:25.425Z", "agent": 116}}, {"model": "AgentManager.intent", "pk": 362, "fields": {"name": "test Intent5", "date_create": "2020-01-31T12:17:43.586Z", "date_update": "2020-01-31T12:17:43.688Z", "agent": 117}}, {"model": "AgentManager.intent", "pk": 366, "fields": {"name": "modified by updated", "date_create": "2020-02-03T11:55:24.858Z", "date_update": "2020-02-03T12:26:18.069Z", "agent": 116}}, {"model": "AgentManager.outputcontext", "pk": 1, "fields": {"date_create": "2019-12-17T14:50:45Z", "date_update": "2019-12-19T15:16:27.947Z", "outContext": "salutationexemple", "intent": 17}}, {"model": "AgentManager.outputcontext", "pk": 2, "fields": {"date_create": "2019-12-17T14:53:34.488Z", "date_update": "2019-12-17T14:53:34.488Z", "outContext": "salutation2", "intent": 20}}, {"model": "AgentManager.outputcontext", "pk": 3, "fields": {"date_create": "2020-01-09T14:34:17.098Z", "date_update": "2020-01-09T14:34:17.098Z", "outContext": "salutation2", "intent": 27}}, {"model": "AgentManager.outputcontext", "pk": 4, "fields": {"date_create": "2020-01-09T14:35:19.485Z", "date_update": "2020-01-09T14:35:19.486Z", "outContext": "salutation2", "intent": 31}}, {"model": "AgentManager.outputcontext", "pk": 5, "fields": {"date_create": "2020-01-09T14:37:43.349Z", "date_update": "2020-01-09T14:37:43.349Z", "outContext": "salutation2", "intent": 35}}, {"model": "AgentManager.outputcontext", "pk": 11, "fields": {"date_create": "2020-01-21T15:31:57.123Z", "date_update": "2020-01-21T15:31:57.124Z", "outContext": "salutation45", "intent": 358}}, {"model": "AgentManager.outputcontext", "pk": 12, "fields": {"date_create": "2020-01-21T15:38:54.876Z", "date_update": "2020-01-21T15:38:54.876Z", "outContext": "outputcontexttest", "intent": 359}}, {"model": "AgentManager.outputcontext", "pk": 13, "fields": {"date_create": "2020-01-21T15:57:40.215Z", "date_update": "2020-01-21T15:57:40.215Z", "outContext": "mon3om", "intent": 360}}, {"model": "AgentManager.outputcontext", "pk": 14, "fields": {"date_create": "2020-01-31T12:17:44.041Z", "date_update": "2020-01-31T12:17:44.042Z", "outContext": "salutation01", "intent": 362}}, {"model": "AgentManager.inputcontext", "pk": 1, "fields": {"date_create": "2019-12-17T14:53:34Z", "date_update": "2019-12-19T16:13:06.230Z", "intent": 23, "outContext": 1}}, {"model": "AgentManager.question", "pk": 1, "fields": {"name": "salut", "date_create": "2019-12-10T16:54:29.065Z", "date_update": "2019-12-10T16:54:29.066Z", "order": null, "intent": 9}}, {"model": "AgentManager.question", "pk": 2, "fields": {"name": "bonjour", "date_create": "2019-12-10T16:54:29.157Z", "date_update": "2019-12-10T16:54:29.157Z", "order": null, "intent": 9}}, {"model": "AgentManager.question", "pk": 3, "fields": {"name": "bonsoir", "date_create": "2019-12-10T16:54:29.235Z", "date_update": "2019-12-10T16:54:29.235Z", "order": null, "intent": 9}}, {"model": "AgentManager.question", "pk": 4, "fields": {"name": "salut", "date_create": "2019-12-13T16:23:01.804Z", "date_update": "2019-12-13T16:41:50.479Z", "order": null, "intent": 10}}, {"model": "AgentManager.question", "pk": 5, "fields": {"name": "bonjour", "date_create": "2019-12-13T16:23:01.896Z", "date_update": "2019-12-13T16:41:50.549Z", "order": null, "intent": 10}}, {"model": "AgentManager.question", "pk": 6, "fields": {"name": "bonsoir", "date_create": "2019-12-13T16:23:01.985Z", "date_update": "2019-12-13T16:41:50.645Z", "order": null, "intent": 10}}, {"model": "AgentManager.question", "pk": 16, "fields": {"name": "salut", "date_create": "2019-12-17T09:54:57.193Z", "date_update": "2019-12-17T09:54:57.193Z", "order": null, "intent": 17}}, {"model": "AgentManager.question", "pk": 17, "fields": {"name": "bonjour", "date_create": "2019-12-17T09:54:57.268Z", "date_update": "2019-12-17T09:54:57.269Z", "order": null, "intent": 17}}, {"model": "AgentManager.question", "pk": 18, "fields": {"name": "bonsoir", "date_create": "2019-12-17T09:54:57.346Z", "date_update": "2019-12-17T09:54:57.346Z", "order": null, "intent": 17}}, {"model": "AgentManager.question", "pk": 19, "fields": {"name": "salut", "date_create": "2019-12-17T14:50:45.868Z", "date_update": "2019-12-17T14:50:45.869Z", "order": 1, "intent": 18}}, {"model": "AgentManager.question", "pk": 20, "fields": {"name": "bonjour", "date_create": "2019-12-17T14:50:45.955Z", "date_update": "2019-12-17T14:50:45.956Z", "order": 2, "intent": 18}}, {"model": "AgentManager.question", "pk": 21, "fields": {"name": "bonsoir", "date_create": "2019-12-17T14:50:46.044Z", "date_update": "2019-12-17T14:50:46.044Z", "order": 3, "intent": 18}}, {"model": "AgentManager.question", "pk": 22, "fields": {"name": "salut", "date_create": "2019-12-17T14:53:34.687Z", "date_update": "2019-12-17T14:53:34.688Z", "order": 1, "intent": 20}}, {"model": "AgentManager.question", "pk": 23, "fields": {"name": "bonjour", "date_create": "2019-12-17T14:53:34.773Z", "date_update": "2019-12-17T14:53:34.774Z", "order": 2, "intent": 20}}, {"model": "AgentManager.question", "pk": 24, "fields": {"name": "bonsoir", "date_create": "2019-12-17T14:53:34.859Z", "date_update": "2019-12-17T14:53:34.859Z", "order": 3, "intent": 20}}, {"model": "AgentManager.question", "pk": 25, "fields": {"name": "salut", "date_create": "2019-12-19T15:57:35.504Z", "date_update": "2019-12-19T15:57:35.505Z", "order": null, "intent": 23}}, {"model": "AgentManager.question", "pk": 26, "fields": {"name": "bonjour", "date_create": "2019-12-19T15:57:35.612Z", "date_update": "2019-12-19T15:57:35.613Z", "order": null, "intent": 23}}, {"model": "AgentManager.question", "pk": 27, "fields": {"name": "bonsoir", "date_create": "2019-12-19T15:57:35.734Z", "date_update": "2019-12-19T15:57:35.734Z", "order": null, "intent": 23}}, {"model": "AgentManager.question", "pk": 28, "fields": {"name": "salut, comment va tu", "date_create": "2019-12-19T15:57:35.878Z", "date_update": "2019-12-19T15:57:35.878Z", "order": null, "intent": 23}}, {"model": "AgentManager.question", "pk": 29, "fields": {"name": "bonjour, ca va", "date_create": "2019-12-19T15:57:36.000Z", "date_update": "2019-12-19T15:57:36.000Z", "order": null, "intent": 23}}, {"model": "AgentManager.question", "pk": 30, "fields": {"name": "salut, cv", "date_create": "2019-12-19T15:57:36.099Z", "date_update": "2019-12-19T15:57:36.100Z", "order": null, "intent": 23}}, {"model": "AgentManager.question", "pk": 31, "fields": {"name": "hello", "date_create": "2019-12-19T15:57:36.199Z", "date_update": "2019-12-19T15:57:36.199Z", "order": null, "intent": 23}}, {"model": "AgentManager.question", "pk": 32, "fields": {"name": "bienvenue", "date_create": "2019-12-19T15:57:36.299Z", "date_update": "2019-12-19T15:57:36.299Z", "order": null, "intent": 23}}, {"model": "AgentManager.question", "pk": 33, "fields": {"name": "hey", "date_create": "2019-12-19T15:57:36.398Z", "date_update": "2019-12-19T15:57:36.399Z", "order": null, "intent": 23}}, {"model": "AgentManager.question", "pk": 34, "fields": {"name": "salut", "date_create": "2020-01-09T14:34:11.222Z", "date_update": "2020-01-09T14:34:11.222Z", "order": null, "intent": 24}}, {"model": "AgentManager.question", "pk": 35, "fields": {"name": "bonjour", "date_create": "2020-01-09T14:34:11.311Z", "date_update": "2020-01-09T14:34:11.312Z", "order": null, "intent": 24}}, {"model": "AgentManager.question", "pk": 36, "fields": {"name": "bonsoir", "date_create": "2020-01-09T14:34:11.400Z", "date_update": "2020-01-09T14:34:11.400Z", "order": null, "intent": 24}}, {"model": "AgentManager.question", "pk": 37, "fields": {"name": "salut", "date_create": "2020-01-09T14:34:12.826Z", "date_update": "2020-01-09T14:34:12.826Z", "order": null, "intent": 25}}, {"model": "AgentManager.question", "pk": 38, "fields": {"name": "bonjour", "date_create": "2020-01-09T14:34:12.937Z", "date_update": "2020-01-09T14:34:12.937Z", "order": null, "intent": 25}}, {"model": "AgentManager.question", "pk": 39, "fields": {"name": "bonsoir", "date_create": "2020-01-09T14:34:13.047Z", "date_update": "2020-01-09T14:34:13.048Z", "order": null, "intent": 25}}, {"model": "AgentManager.question", "pk": 40, "fields": {"name": "salut", "date_create": "2020-01-09T14:34:14.400Z", "date_update": "2020-01-09T14:34:14.400Z", "order": 1, "intent": 26}}, {"model": "AgentManager.question", "pk": 41, "fields": {"name": "bonjour", "date_create": "2020-01-09T14:34:14.511Z", "date_update": "2020-01-09T14:34:14.511Z", "order": 2, "intent": 26}}, {"model": "AgentManager.question", "pk": 42, "fields": {"name": "bonsoir", "date_create": "2020-01-09T14:34:14.609Z", "date_update": "2020-01-09T14:34:14.609Z", "order": 3, "intent": 26}}, {"model": "AgentManager.question", "pk": 43, "fields": {"name": "salut", "date_create": "2020-01-09T14:34:16.891Z", "date_update": "2020-01-09T14:34:16.892Z", "order": 1, "intent": 27}}, {"model": "AgentManager.question", "pk": 44, "fields": {"name": "bonjour", "date_create": "2020-01-09T14:34:16.958Z", "date_update": "2020-01-09T14:34:16.959Z", "order": 2, "intent": 27}}, {"model": "AgentManager.question", "pk": 45, "fields": {"name": "bonsoir", "date_create": "2020-01-09T14:34:17.025Z", "date_update": "2020-01-09T14:34:17.025Z", "order": 3, "intent": 27}}, {"model": "AgentManager.question", "pk": 46, "fields": {"name": "salut", "date_create": "2020-01-09T14:35:13.909Z", "date_update": "2020-01-09T14:35:13.910Z", "order": null, "intent": 28}}, {"model": "AgentManager.question", "pk": 47, "fields": {"name": "bonjour", "date_create": "2020-01-09T14:35:13.976Z", "date_update": "2020-01-09T14:35:13.976Z", "order": null, "intent": 28}}, {"model": "AgentManager.question", "pk": 48, "fields": {"name": "bonsoir", "date_create": "2020-01-09T14:35:14.053Z", "date_update": "2020-01-09T14:35:14.054Z", "order": null, "intent": 28}}, {"model": "AgentManager.question", "pk": 49, "fields": {"name": "salut", "date_create": "2020-01-09T14:35:15.228Z", "date_update": "2020-01-09T14:35:15.229Z", "order": null, "intent": 29}}, {"model": "AgentManager.question", "pk": 50, "fields": {"name": "bonjour", "date_create": "2020-01-09T14:35:15.295Z", "date_update": "2020-01-09T14:35:15.296Z", "order": null, "intent": 29}}, {"model": "AgentManager.question", "pk": 51, "fields": {"name": "bonsoir", "date_create": "2020-01-09T14:35:15.362Z", "date_update": "2020-01-09T14:35:15.362Z", "order": null, "intent": 29}}, {"model": "AgentManager.question", "pk": 52, "fields": {"name": "salut", "date_create": "2020-01-09T14:35:16.535Z", "date_update": "2020-01-09T14:35:16.535Z", "order": 1, "intent": 30}}, {"model": "AgentManager.question", "pk": 53, "fields": {"name": "bonjour", "date_create": "2020-01-09T14:35:16.644Z", "date_update": "2020-01-09T14:35:16.645Z", "order": 2, "intent": 30}}, {"model": "AgentManager.question", "pk": 54, "fields": {"name": "bonsoir", "date_create": "2020-01-09T14:35:16.732Z", "date_update": "2020-01-09T14:35:16.733Z", "order": 3, "intent": 30}}, {"model": "AgentManager.question", "pk": 55, "fields": {"name": "salut", "date_create": "2020-01-09T14:35:19.214Z", "date_update": "2020-01-09T14:35:19.215Z", "order": 1, "intent": 31}}, {"model": "AgentManager.question", "pk": 56, "fields": {"name": "bonjour", "date_create": "2020-01-09T14:35:19.303Z", "date_update": "2020-01-09T14:35:19.303Z", "order": 2, "intent": 31}}, {"model": "AgentManager.question", "pk": 57, "fields": {"name": "bonsoir", "date_create": "2020-01-09T14:35:19.392Z", "date_update": "2020-01-09T14:35:19.392Z", "order": 3, "intent": 31}}, {"model": "AgentManager.question", "pk": 58, "fields": {"name": "salut", "date_create": "2020-01-09T14:37:37.763Z", "date_update": "2020-01-09T14:37:37.763Z", "order": null, "intent": 32}}, {"model": "AgentManager.question", "pk": 59, "fields": {"name": "bonjour", "date_create": "2020-01-09T14:37:37.841Z", "date_update": "2020-01-09T14:37:37.841Z", "order": null, "intent": 32}}, {"model": "AgentManager.question", "pk": 60, "fields": {"name": "bonsoir", "date_create": "2020-01-09T14:37:37.918Z", "date_update": "2020-01-09T14:37:37.918Z", "order": null, "intent": 32}}, {"model": "AgentManager.question", "pk": 61, "fields": {"name": "salut", "date_create": "2020-01-09T14:37:39.113Z", "date_update": "2020-01-09T14:37:39.114Z", "order": null, "intent": 33}}, {"model": "AgentManager.question", "pk": 62, "fields": {"name": "bonjour", "date_create": "2020-01-09T14:37:39.180Z", "date_update": "2020-01-09T14:37:39.181Z", "order": null, "intent": 33}}, {"model": "AgentManager.question", "pk": 63, "fields": {"name": "bonsoir", "date_create": "2020-01-09T14:37:39.247Z", "date_update": "2020-01-09T14:37:39.247Z", "order": null, "intent": 33}}, {"model": "AgentManager.question", "pk": 64, "fields": {"name": "salut", "date_create": "2020-01-09T14:37:40.353Z", "date_update": "2020-01-09T14:37:40.353Z", "order": 1, "intent": 34}}, {"model": "AgentManager.question", "pk": 65, "fields": {"name": "bonjour", "date_create": "2020-01-09T14:37:40.420Z", "date_update": "2020-01-09T14:37:40.421Z", "order": 2, "intent": 34}}, {"model": "AgentManager.question", "pk": 66, "fields": {"name": "bonsoir", "date_create": "2020-01-09T14:37:40.486Z", "date_update": "2020-01-09T14:37:40.487Z", "order": 3, "intent": 34}}, {"model": "AgentManager.question", "pk": 67, "fields": {"name": "salut", "date_create": "2020-01-09T14:37:43.088Z", "date_update": "2020-01-09T14:37:43.089Z", "order": 1, "intent": 35}}, {"model": "AgentManager.question", "pk": 68, "fields": {"name": "bonjour", "date_create": "2020-01-09T14:37:43.191Z", "date_update": "2020-01-09T14:37:43.191Z", "order": 2, "intent": 35}}, {"model": "AgentManager.question", "pk": 69, "fields": {"name": "bonsoir", "date_create": "2020-01-09T14:37:43.266Z", "date_update": "2020-01-09T14:37:43.267Z", "order": 3, "intent": 35}}, {"model": "AgentManager.question", "pk": 637, "fields": {"name": "wiem", "date_create": "2020-01-20T15:35:01.065Z", "date_update": "2020-01-20T15:35:01.066Z", "order": 1, "intent": 328}}, {"model": "AgentManager.question", "pk": 638, "fields": {"name": "aaa", "date_create": "2020-01-20T15:48:37.734Z", "date_update": "2020-01-20T15:48:37.734Z", "order": 1, "intent": 329}}, {"model": "AgentManager.question", "pk": 639, "fields": {"name": "me ?", "date_create": "2020-01-20T15:51:42.921Z", "date_update": "2020-01-20T15:51:42.921Z", "order": 1, "intent": 330}}, {"model": "AgentManager.question", "pk": 640, "fields": {"name": "phrase 2", "date_create": "2020-01-21T08:15:18.273Z", "date_update": "2020-01-21T08:15:18.273Z", "order": 1, "intent": 331}}, {"model": "AgentManager.question", "pk": 641, "fields": {"name": "phrase", "date_create": "2020-01-21T08:31:11.771Z", "date_update": "2020-01-21T08:31:11.771Z", "order": 1, "intent": 332}}, {"model": "AgentManager.question", "pk": 642, "fields": {"name": "xxx", "date_create": "2020-01-21T09:02:16.299Z", "date_update": "2020-01-21T09:02:16.300Z", "order": 1, "intent": 333}}, {"model": "AgentManager.question", "pk": 643, "fields": {"name": "ccc", "date_create": "2020-01-21T09:03:21.953Z", "date_update": "2020-01-21T09:03:21.953Z", "order": 1, "intent": 334}}, {"model": "AgentManager.question", "pk": 644, "fields": {"name": "x", "date_create": "2020-01-21T09:06:23.749Z", "date_update": "2020-01-21T09:06:23.749Z", "order": 1, "intent": 335}}, {"model": "AgentManager.question", "pk": 645, "fields": {"name": "cc", "date_create": "2020-01-21T09:07:31.335Z", "date_update": "2020-01-21T09:07:31.336Z", "order": 1, "intent": 336}}, {"model": "AgentManager.question", "pk": 646, "fields": {"name": "ddd", "date_create": "2020-01-21T09:12:30.925Z", "date_update": "2020-01-21T09:12:30.926Z", "order": 1, "intent": 337}}, {"model": "AgentManager.question", "pk": 659, "fields": {"name": "quels sont vos services ?", "date_create": "2020-01-21T09:22:44.264Z", "date_update": "2020-01-21T09:22:44.265Z", "order": 1, "intent": 342}}, {"model": "AgentManager.question", "pk": 660, "fields": {"name": "vos solutions", "date_create": "2020-01-21T09:22:44.324Z", "date_update": "2020-01-21T09:22:44.324Z", "order": 2, "intent": 342}}, {"model": "AgentManager.question", "pk": 661, "fields": {"name": "quels sont vos produits", "date_create": "2020-01-21T09:22:44.379Z", "date_update": "2020-01-21T09:22:44.380Z", "order": 3, "intent": 342}}, {"model": "AgentManager.question", "pk": 665, "fields": {"name": "quels sont vos services ?", "date_create": "2020-01-21T09:27:05.927Z", "date_update": "2020-01-21T09:27:05.928Z", "order": 1, "intent": 344}}, {"model": "AgentManager.question", "pk": 666, "fields": {"name": "vos solutions", "date_create": "2020-01-21T09:27:05.982Z", "date_update": "2020-01-21T09:27:05.983Z", "order": 2, "intent": 344}}, {"model": "AgentManager.question", "pk": 667, "fields": {"name": "quels sont vos produits", "date_create": "2020-01-21T09:27:06.048Z", "date_update": "2020-01-21T09:27:06.049Z", "order": 3, "intent": 344}}, {"model": "AgentManager.question", "pk": 668, "fields": {"name": "quels sont vos services ?", "date_create": "2020-01-21T09:27:45.742Z", "date_update": "2020-01-21T09:27:45.742Z", "order": 1, "intent": 345}}, {"model": "AgentManager.question", "pk": 669, "fields": {"name": "vos solutions", "date_create": "2020-01-21T09:27:46.256Z", "date_update": "2020-01-21T09:27:46.257Z", "order": 2, "intent": 345}}, {"model": "AgentManager.question", "pk": 670, "fields": {"name": "quels sont vos produits", "date_create": "2020-01-21T09:27:46.311Z", "date_update": "2020-01-21T09:27:46.312Z", "order": 3, "intent": 345}}, {"model": "AgentManager.question", "pk": 671, "fields": {"name": "quels sont vos services ?", "date_create": "2020-01-21T09:31:04.608Z", "date_update": "2020-01-21T09:31:04.608Z", "order": 1, "intent": 346}}, {"model": "AgentManager.question", "pk": 672, "fields": {"name": "vos solutions", "date_create": "2020-01-21T09:31:04.675Z", "date_update": "2020-01-21T09:31:04.676Z", "order": 2, "intent": 346}}, {"model": "AgentManager.question", "pk": 673, "fields": {"name": "quels sont vos produits", "date_create": "2020-01-21T09:31:04.764Z", "date_update": "2020-01-21T09:31:04.764Z", "order": 3, "intent": 346}}, {"model": "AgentManager.question", "pk": 677, "fields": {"name": "quels sont vos services ?", "date_create": "2020-01-21T09:34:50.781Z", "date_update": "2020-01-21T09:34:50.781Z", "order": 1, "intent": 348}}, {"model": "AgentManager.question", "pk": 678, "fields": {"name": "vos solutions", "date_create": "2020-01-21T09:34:50.848Z", "date_update": "2020-01-21T09:34:50.849Z", "order": 2, "intent": 348}}, {"model": "AgentManager.question", "pk": 679, "fields": {"name": "quels sont vos produits", "date_create": "2020-01-21T09:34:50.906Z", "date_update": "2020-01-21T09:34:50.907Z", "order": 3, "intent": 348}}, {"model": "AgentManager.question", "pk": 680, "fields": {"name": "ddddd", "date_create": "2020-01-21T09:35:41.227Z", "date_update": "2020-01-21T09:35:41.228Z", "order": 1, "intent": 349}}, {"model": "AgentManager.question", "pk": 681, "fields": {"name": "quels sont vos services ?", "date_create": "2020-01-21T09:41:33.000Z", "date_update": "2020-01-21T09:41:33.000Z", "order": 1, "intent": 350}}, {"model": "AgentManager.question", "pk": 682, "fields": {"name": "vos solutions", "date_create": "2020-01-21T09:41:33.059Z", "date_update": "2020-01-21T09:41:33.059Z", "order": 2, "intent": 350}}, {"model": "AgentManager.question", "pk": 683, "fields": {"name": "quels sont vos produits", "date_create": "2020-01-21T09:41:33.114Z", "date_update": "2020-01-21T09:41:33.114Z", "order": 3, "intent": 350}}, {"model": "AgentManager.question", "pk": 684, "fields": {"name": "ddd", "date_create": "2020-01-21T09:42:16.527Z", "date_update": "2020-01-21T09:42:16.527Z", "order": 1, "intent": 351}}, {"model": "AgentManager.question", "pk": 685, "fields": {"name": "ddd", "date_create": "2020-01-21T09:42:55.117Z", "date_update": "2020-01-21T09:42:55.117Z", "order": 1, "intent": 352}}, {"model": "AgentManager.question", "pk": 686, "fields": {"name": "quels sont vos services ?", "date_create": "2020-01-21T09:44:32.965Z", "date_update": "2020-01-21T09:44:32.965Z", "order": 1, "intent": 353}}, {"model": "AgentManager.question", "pk": 687, "fields": {"name": "vos solutions", "date_create": "2020-01-21T09:44:33.034Z", "date_update": "2020-01-21T09:44:33.034Z", "order": 2, "intent": 353}}, {"model": "AgentManager.question", "pk": 688, "fields": {"name": "quels sont vos produits", "date_create": "2020-01-21T09:44:33.090Z", "date_update": "2020-01-21T09:44:33.090Z", "order": 3, "intent": 353}}, {"model": "AgentManager.question", "pk": 689, "fields": {"name": "vvv", "date_create": "2020-01-21T09:46:56.221Z", "date_update": "2020-01-21T09:46:56.221Z", "order": 1, "intent": 354}}, {"model": "AgentManager.question", "pk": 690, "fields": {"name": "ee", "date_create": "2020-01-21T10:27:35.806Z", "date_update": "2020-01-21T10:27:35.807Z", "order": 1, "intent": 355}}, {"model": "AgentManager.question", "pk": 691, "fields": {"name": "ee", "date_create": "2020-01-21T11:32:37.998Z", "date_update": "2020-01-21T11:32:37.998Z", "order": 1, "intent": 356}}, {"model": "AgentManager.question", "pk": 695, "fields": {"name": "quels sont vos services ?", "date_create": "2020-01-21T15:31:56.888Z", "date_update": "2020-01-21T15:31:56.889Z", "order": 1, "intent": 358}}, {"model": "AgentManager.question", "pk": 696, "fields": {"name": "vos solutions", "date_create": "2020-01-21T15:31:56.962Z", "date_update": "2020-01-21T15:31:56.963Z", "order": 2, "intent": 358}}, {"model": "AgentManager.question", "pk": 697, "fields": {"name": "quels sont vos produits", "date_create": "2020-01-21T15:31:57.039Z", "date_update": "2020-01-21T15:31:57.040Z", "order": 3, "intent": 358}}, {"model": "AgentManager.question", "pk": 698, "fields": {"name": "ddddd", "date_create": "2020-01-21T15:38:54.796Z", "date_update": "2020-01-21T15:38:54.796Z", "order": 1, "intent": 359}}, {"model": "AgentManager.question", "pk": 699, "fields": {"name": "cccc", "date_create": "2020-01-21T15:57:40.127Z", "date_update": "2020-01-21T15:57:40.127Z", "order": 1, "intent": 360}}, {"model": "AgentManager.question", "pk": 700, "fields": {"name": "quels sont vos services ?", "date_create": "2020-01-30T13:36:25.542Z", "date_update": "2020-01-30T13:36:25.542Z", "order": 1, "intent": 361}}, {"model": "AgentManager.question", "pk": 701, "fields": {"name": "vos solutions", "date_create": "2020-01-30T13:36:25.682Z", "date_update": "2020-01-30T13:36:25.682Z", "order": 2, "intent": 361}}, {"model": "AgentManager.question", "pk": 702, "fields": {"name": "quels sont vos produits", "date_create": "2020-01-30T13:36:25.770Z", "date_update": "2020-01-30T13:36:25.771Z", "order": 3, "intent": 361}}, {"model": "AgentManager.question", "pk": 710, "fields": {"name": "quels sont vos services ?", "date_create": "2020-01-31T12:17:43.770Z", "date_update": "2020-01-31T12:17:43.770Z", "order": 1, "intent": 362}}, {"model": "AgentManager.question", "pk": 711, "fields": {"name": "vos solutions", "date_create": "2020-01-31T12:17:43.856Z", "date_update": "2020-01-31T12:17:43.856Z", "order": 2, "intent": 362}}, {"model": "AgentManager.question", "pk": 712, "fields": {"name": "quels sont vos produits", "date_create": "2020-01-31T12:17:43.944Z", "date_update": "2020-01-31T12:17:43.944Z", "order": 3, "intent": 362}}, {"model": "AgentManager.question", "pk": 716, "fields": {"name": "quels sont vos services marwa?", "date_create": "2020-02-03T11:55:25.028Z", "date_update": "2020-02-03T12:26:16.621Z", "order": 1, "intent": 366}}, {"model": "AgentManager.question", "pk": 717, "fields": {"name": "quels sont vos services abdelmonom", "date_create": "2020-02-03T11:55:25.124Z", "date_update": "2020-02-03T12:26:16.692Z", "order": 1, "intent": 366}}, {"model": "AgentManager.blockresponse", "pk": 4, "fields": {"date_create": "2019-12-10T16:54:29.312Z", "date_update": "2019-12-10T16:54:29.313Z", "is_complex": false, "intent": 9}}, {"model": "AgentManager.blockresponse", "pk": 5, "fields": {"date_create": "2019-12-13T16:23:02.073Z", "date_update": "2019-12-13T16:41:50.819Z", "is_complex": true, "intent": 10}}, {"model": "AgentManager.blockresponse", "pk": 13, "fields": {"date_create": "2019-12-17T09:54:58Z", "date_update": "2019-12-17T10:33:32.010Z", "is_complex": true, "intent": 17}}, {"model": "AgentManager.blockresponse", "pk": 14, "fields": {"date_create": "2019-12-17T14:50:46.133Z", "date_update": "2019-12-17T14:50:46.134Z", "is_complex": true, "intent": 18}}, {"model": "AgentManager.blockresponse", "pk": 15, "fields": {"date_create": "2019-12-17T14:53:34.948Z", "date_update": "2019-12-17T14:53:34.949Z", "is_complex": true, "intent": 20}}, {"model": "AgentManager.blockresponse", "pk": 16, "fields": {"date_create": "2019-12-19T15:57:36Z", "date_update": "2019-12-19T16:32:43.016Z", "is_complex": true, "intent": 23}}, {"model": "AgentManager.blockresponse", "pk": 17, "fields": {"date_create": "2020-01-09T14:34:11.490Z", "date_update": "2020-01-09T14:34:11.490Z", "is_complex": false, "intent": 24}}, {"model": "AgentManager.blockresponse", "pk": 18, "fields": {"date_create": "2020-01-09T14:34:13.161Z", "date_update": "2020-01-09T14:34:13.162Z", "is_complex": true, "intent": 25}}, {"model": "AgentManager.blockresponse", "pk": 19, "fields": {"date_create": "2020-01-09T14:34:14.702Z", "date_update": "2020-01-09T14:34:14.702Z", "is_complex": true, "intent": 26}}, {"model": "AgentManager.blockresponse", "pk": 20, "fields": {"date_create": "2020-01-09T14:34:17.169Z", "date_update": "2020-01-09T14:34:17.169Z", "is_complex": true, "intent": 27}}, {"model": "AgentManager.blockresponse", "pk": 21, "fields": {"date_create": "2020-01-09T14:35:14.122Z", "date_update": "2020-01-09T14:35:14.122Z", "is_complex": false, "intent": 28}}, {"model": "AgentManager.blockresponse", "pk": 22, "fields": {"date_create": "2020-01-09T14:35:15.431Z", "date_update": "2020-01-09T14:35:15.431Z", "is_complex": true, "intent": 29}}, {"model": "AgentManager.blockresponse", "pk": 23, "fields": {"date_create": "2020-01-09T14:35:16.815Z", "date_update": "2020-01-09T14:35:16.815Z", "is_complex": true, "intent": 30}}, {"model": "AgentManager.blockresponse", "pk": 24, "fields": {"date_create": "2020-01-09T14:35:19.569Z", "date_update": "2020-01-09T14:35:19.570Z", "is_complex": true, "intent": 31}}, {"model": "AgentManager.blockresponse", "pk": 25, "fields": {"date_create": "2020-01-09T14:37:37.998Z", "date_update": "2020-01-09T14:37:37.999Z", "is_complex": false, "intent": 32}}, {"model": "AgentManager.blockresponse", "pk": 26, "fields": {"date_create": "2020-01-09T14:37:39.316Z", "date_update": "2020-01-09T14:37:39.317Z", "is_complex": true, "intent": 33}}, {"model": "AgentManager.blockresponse", "pk": 27, "fields": {"date_create": "2020-01-09T14:37:40.554Z", "date_update": "2020-01-09T14:37:40.555Z", "is_complex": true, "intent": 34}}, {"model": "AgentManager.blockresponse", "pk": 28, "fields": {"date_create": "2020-01-09T14:37:43.443Z", "date_update": "2020-01-09T14:37:43.444Z", "is_complex": true, "intent": 35}}, {"model": "AgentManager.blockresponse", "pk": 166, "fields": {"date_create": "2020-01-20T15:35:01.142Z", "date_update": "2020-01-20T15:35:01.142Z", "is_complex": false, "intent": 328}}, {"model": "AgentManager.blockresponse", "pk": 167, "fields": {"date_create": "2020-01-20T15:48:37.804Z", "date_update": "2020-01-20T15:48:37.804Z", "is_complex": false, "intent": 329}}, {"model": "AgentManager.blockresponse", "pk": 168, "fields": {"date_create": "2020-01-20T15:51:43.008Z", "date_update": "2020-01-20T15:51:43.008Z", "is_complex": false, "intent": 330}}, {"model": "AgentManager.blockresponse", "pk": 169, "fields": {"date_create": "2020-01-21T08:15:18.338Z", "date_update": "2020-01-21T08:15:18.339Z", "is_complex": false, "intent": 331}}, {"model": "AgentManager.blockresponse", "pk": 170, "fields": {"date_create": "2020-01-21T08:31:11.830Z", "date_update": "2020-01-21T08:31:11.830Z", "is_complex": true, "intent": 332}}, {"model": "AgentManager.blockresponse", "pk": 171, "fields": {"date_create": "2020-01-21T09:02:16.389Z", "date_update": "2020-01-21T09:02:16.389Z", "is_complex": true, "intent": 333}}, {"model": "AgentManager.blockresponse", "pk": 172, "fields": {"date_create": "2020-01-21T09:03:22.021Z", "date_update": "2020-01-21T09:03:22.021Z", "is_complex": true, "intent": 334}}, {"model": "AgentManager.blockresponse", "pk": 173, "fields": {"date_create": "2020-01-21T09:07:31.390Z", "date_update": "2020-01-21T09:07:31.390Z", "is_complex": true, "intent": 336}}, {"model": "AgentManager.blockresponse", "pk": 178, "fields": {"date_create": "2020-01-21T09:22:44.434Z", "date_update": "2020-01-21T09:22:44.435Z", "is_complex": true, "intent": 342}}, {"model": "AgentManager.blockresponse", "pk": 180, "fields": {"date_create": "2020-01-21T09:27:06.104Z", "date_update": "2020-01-21T09:27:06.104Z", "is_complex": true, "intent": 344}}, {"model": "AgentManager.blockresponse", "pk": 181, "fields": {"date_create": "2020-01-21T09:27:46.367Z", "date_update": "2020-01-21T09:27:46.367Z", "is_complex": true, "intent": 345}}, {"model": "AgentManager.blockresponse", "pk": 182, "fields": {"date_create": "2020-01-21T09:31:04.822Z", "date_update": "2020-01-21T09:31:04.822Z", "is_complex": true, "intent": 346}}, {"model": "AgentManager.blockresponse", "pk": 184, "fields": {"date_create": "2020-01-21T09:34:50.970Z", "date_update": "2020-01-21T09:34:50.970Z", "is_complex": true, "intent": 348}}, {"model": "AgentManager.blockresponse", "pk": 185, "fields": {"date_create": "2020-01-21T09:35:41.286Z", "date_update": "2020-01-21T09:35:41.287Z", "is_complex": true, "intent": 349}}, {"model": "AgentManager.blockresponse", "pk": 186, "fields": {"date_create": "2020-01-21T09:41:33.203Z", "date_update": "2020-01-21T09:41:33.203Z", "is_complex": true, "intent": 350}}, {"model": "AgentManager.blockresponse", "pk": 187, "fields": {"date_create": "2020-01-21T09:42:16.594Z", "date_update": "2020-01-21T09:42:16.595Z", "is_complex": true, "intent": 351}}, {"model": "AgentManager.blockresponse", "pk": 188, "fields": {"date_create": "2020-01-21T09:42:55.185Z", "date_update": "2020-01-21T09:42:55.185Z", "is_complex": true, "intent": 352}}, {"model": "AgentManager.blockresponse", "pk": 189, "fields": {"date_create": "2020-01-21T09:44:33.154Z", "date_update": "2020-01-21T09:44:33.154Z", "is_complex": true, "intent": 353}}, {"model": "AgentManager.blockresponse", "pk": 190, "fields": {"date_create": "2020-01-21T09:46:56.290Z", "date_update": "2020-01-21T09:46:56.291Z", "is_complex": true, "intent": 354}}, {"model": "AgentManager.blockresponse", "pk": 191, "fields": {"date_create": "2020-01-21T10:27:35.891Z", "date_update": "2020-01-21T10:27:35.892Z", "is_complex": true, "intent": 355}}, {"model": "AgentManager.blockresponse", "pk": 192, "fields": {"date_create": "2020-01-21T11:32:38.083Z", "date_update": "2020-01-21T11:32:38.083Z", "is_complex": true, "intent": 356}}, {"model": "AgentManager.blockresponse", "pk": 193, "fields": {"date_create": "2020-01-21T15:31:57.205Z", "date_update": "2020-01-21T15:31:57.205Z", "is_complex": true, "intent": 358}}, {"model": "AgentManager.blockresponse", "pk": 194, "fields": {"date_create": "2020-01-21T15:38:54.950Z", "date_update": "2020-01-21T15:38:54.950Z", "is_complex": false, "intent": 359}}, {"model": "AgentManager.blockresponse", "pk": 195, "fields": {"date_create": "2020-01-21T15:57:40.306Z", "date_update": "2020-01-21T15:57:40.306Z", "is_complex": true, "intent": 360}}, {"model": "AgentManager.blockresponse", "pk": 196, "fields": {"date_create": "2020-01-30T13:36:25.859Z", "date_update": "2020-01-30T13:36:25.860Z", "is_complex": true, "intent": 361}}, {"model": "AgentManager.blockresponse", "pk": 211, "fields": {"date_create": "2020-01-31T12:17:44.142Z", "date_update": "2020-01-31T12:17:44.142Z", "is_complex": true, "intent": 362}}, {"model": "AgentManager.blockresponse", "pk": 218, "fields": {"date_create": "2020-02-03T11:55:25.228Z", "date_update": "2020-02-03T12:26:16.770Z", "is_complex": true, "intent": 366}}, {"model": "AgentManager.simpleresponse", "pk": 4, "fields": {"date_create": "2019-12-10T16:54:29.390Z", "date_update": "2019-12-10T16:54:29.390Z", "block_response": 4}}, {"model": "AgentManager.simpleresponse", "pk": 10, "fields": {"date_create": "2019-12-17T14:50:48.081Z", "date_update": "2019-12-17T14:50:48.081Z", "block_response": 14}}, {"model": "AgentManager.simpleresponse", "pk": 11, "fields": {"date_create": "2019-12-17T14:53:37.198Z", "date_update": "2019-12-17T14:53:37.199Z", "block_response": 15}}, {"model": "AgentManager.simpleresponse", "pk": 12, "fields": {"date_create": "2020-01-09T14:34:11.578Z", "date_update": "2020-01-09T14:34:11.578Z", "block_response": 17}}, {"model": "AgentManager.simpleresponse", "pk": 13, "fields": {"date_create": "2020-01-09T14:34:14.777Z", "date_update": "2020-01-09T14:34:14.777Z", "block_response": 19}}, {"model": "AgentManager.simpleresponse", "pk": 14, "fields": {"date_create": "2020-01-09T14:34:17.235Z", "date_update": "2020-01-09T14:34:17.236Z", "block_response": 20}}, {"model": "AgentManager.simpleresponse", "pk": 15, "fields": {"date_create": "2020-01-09T14:35:14.197Z", "date_update": "2020-01-09T14:35:14.198Z", "block_response": 21}}, {"model": "AgentManager.simpleresponse", "pk": 16, "fields": {"date_create": "2020-01-09T14:35:16.912Z", "date_update": "2020-01-09T14:35:16.912Z", "block_response": 23}}, {"model": "AgentManager.simpleresponse", "pk": 17, "fields": {"date_create": "2020-01-09T14:35:19.658Z", "date_update": "2020-01-09T14:35:19.658Z", "block_response": 24}}, {"model": "AgentManager.simpleresponse", "pk": 18, "fields": {"date_create": "2020-01-09T14:37:38.085Z", "date_update": "2020-01-09T14:37:38.085Z", "block_response": 25}}, {"model": "AgentManager.simpleresponse", "pk": 19, "fields": {"date_create": "2020-01-09T14:37:40.620Z", "date_update": "2020-01-09T14:37:40.620Z", "block_response": 27}}, {"model": "AgentManager.simpleresponse", "pk": 20, "fields": {"date_create": "2020-01-09T14:37:43.521Z", "date_update": "2020-01-09T14:37:43.522Z", "block_response": 28}}, {"model": "AgentManager.simpleresponse", "pk": 39, "fields": {"date_create": "2020-01-20T15:35:01.219Z", "date_update": "2020-01-20T15:35:01.219Z", "block_response": 166}}, {"model": "AgentManager.simpleresponse", "pk": 40, "fields": {"date_create": "2020-01-20T15:48:37.858Z", "date_update": "2020-01-20T15:48:37.859Z", "block_response": 167}}, {"model": "AgentManager.simpleresponse", "pk": 41, "fields": {"date_create": "2020-01-20T15:51:43.084Z", "date_update": "2020-01-20T15:51:43.085Z", "block_response": 168}}, {"model": "AgentManager.simpleresponse", "pk": 42, "fields": {"date_create": "2020-01-21T08:15:18.404Z", "date_update": "2020-01-21T08:15:18.404Z", "block_response": 169}}, {"model": "AgentManager.simpleresponse", "pk": 43, "fields": {"date_create": "2020-01-21T15:38:55.024Z", "date_update": "2020-01-21T15:38:55.024Z", "block_response": 194}}, {"model": "AgentManager.randomtext", "pk": 10, "fields": {"name": "random text 1", "date_create": "2019-12-17T14:50:48.169Z", "date_update": "2019-12-17T14:50:48.170Z", "simple_response": 10, "order": 1}}, {"model": "AgentManager.randomtext", "pk": 11, "fields": {"name": "random text 2", "date_create": "2019-12-17T14:50:48.258Z", "date_update": "2019-12-17T14:50:48.258Z", "simple_response": 10, "order": 2}}, {"model": "AgentManager.randomtext", "pk": 12, "fields": {"name": "random text 3", "date_create": "2019-12-17T14:50:48.346Z", "date_update": "2019-12-17T14:50:48.347Z", "simple_response": 10, "order": 3}}, {"model": "AgentManager.randomtext", "pk": 13, "fields": {"name": "random text 1", "date_create": "2019-12-17T14:53:37.286Z", "date_update": "2019-12-17T14:53:37.287Z", "simple_response": 11, "order": 1}}, {"model": "AgentManager.randomtext", "pk": 14, "fields": {"name": "random text 2", "date_create": "2019-12-17T14:53:37.375Z", "date_update": "2019-12-17T14:53:37.375Z", "simple_response": 11, "order": 2}}, {"model": "AgentManager.randomtext", "pk": 15, "fields": {"name": "random text 3", "date_create": "2019-12-17T14:53:37.463Z", "date_update": "2019-12-17T14:53:37.464Z", "simple_response": 11, "order": 3}}, {"model": "AgentManager.randomtext", "pk": 16, "fields": {"name": "random text 1", "date_create": "2020-01-09T14:34:14.876Z", "date_update": "2020-01-09T14:34:14.876Z", "simple_response": 13, "order": 1}}, {"model": "AgentManager.randomtext", "pk": 17, "fields": {"name": "random text 2", "date_create": "2020-01-09T14:34:14.976Z", "date_update": "2020-01-09T14:34:14.976Z", "simple_response": 13, "order": 2}}, {"model": "AgentManager.randomtext", "pk": 18, "fields": {"name": "random text 3", "date_create": "2020-01-09T14:34:15.064Z", "date_update": "2020-01-09T14:34:15.065Z", "simple_response": 13, "order": 3}}, {"model": "AgentManager.randomtext", "pk": 19, "fields": {"name": "random text 1", "date_create": "2020-01-09T14:34:17.335Z", "date_update": "2020-01-09T14:34:17.335Z", "simple_response": 14, "order": 1}}, {"model": "AgentManager.randomtext", "pk": 20, "fields": {"name": "random text 2", "date_create": "2020-01-09T14:34:17.423Z", "date_update": "2020-01-09T14:34:17.423Z", "simple_response": 14, "order": 2}}, {"model": "AgentManager.randomtext", "pk": 21, "fields": {"name": "random text 3", "date_create": "2020-01-09T14:34:17.522Z", "date_update": "2020-01-09T14:34:17.522Z", "simple_response": 14, "order": 3}}, {"model": "AgentManager.randomtext", "pk": 22, "fields": {"name": "random text 1", "date_create": "2020-01-09T14:35:17.000Z", "date_update": "2020-01-09T14:35:17.001Z", "simple_response": 16, "order": 1}}, {"model": "AgentManager.randomtext", "pk": 23, "fields": {"name": "random text 2", "date_create": "2020-01-09T14:35:17.098Z", "date_update": "2020-01-09T14:35:17.098Z", "simple_response": 16, "order": 2}}, {"model": "AgentManager.randomtext", "pk": 24, "fields": {"name": "random text 3", "date_create": "2020-01-09T14:35:17.232Z", "date_update": "2020-01-09T14:35:17.233Z", "simple_response": 16, "order": 3}}, {"model": "AgentManager.randomtext", "pk": 25, "fields": {"name": "random text 1", "date_create": "2020-01-09T14:35:19.746Z", "date_update": "2020-01-09T14:35:19.746Z", "simple_response": 17, "order": 1}}, {"model": "AgentManager.randomtext", "pk": 26, "fields": {"name": "random text 2", "date_create": "2020-01-09T14:35:19.834Z", "date_update": "2020-01-09T14:35:19.834Z", "simple_response": 17, "order": 2}}, {"model": "AgentManager.randomtext", "pk": 27, "fields": {"name": "random text 3", "date_create": "2020-01-09T14:35:19.923Z", "date_update": "2020-01-09T14:35:19.923Z", "simple_response": 17, "order": 3}}, {"model": "AgentManager.randomtext", "pk": 28, "fields": {"name": "random text 1", "date_create": "2020-01-09T14:37:40.686Z", "date_update": "2020-01-09T14:37:40.686Z", "simple_response": 19, "order": 1}}, {"model": "AgentManager.randomtext", "pk": 29, "fields": {"name": "random text 2", "date_create": "2020-01-09T14:37:40.752Z", "date_update": "2020-01-09T14:37:40.752Z", "simple_response": 19, "order": 2}}, {"model": "AgentManager.randomtext", "pk": 30, "fields": {"name": "random text 3", "date_create": "2020-01-09T14:37:40.818Z", "date_update": "2020-01-09T14:37:40.819Z", "simple_response": 19, "order": 3}}, {"model": "AgentManager.randomtext", "pk": 31, "fields": {"name": "random text 1", "date_create": "2020-01-09T14:37:43.597Z", "date_update": "2020-01-09T14:37:43.598Z", "simple_response": 20, "order": 1}}, {"model": "AgentManager.randomtext", "pk": 32, "fields": {"name": "random text 2", "date_create": "2020-01-09T14:37:43.664Z", "date_update": "2020-01-09T14:37:43.664Z", "simple_response": 20, "order": 2}}, {"model": "AgentManager.randomtext", "pk": 33, "fields": {"name": "random text 3", "date_create": "2020-01-09T14:37:43.753Z", "date_update": "2020-01-09T14:37:43.753Z", "simple_response": 20, "order": 3}}, {"model": "AgentManager.randomtext", "pk": 38, "fields": {"name": "rep simple", "date_create": "2020-01-20T15:35:01.329Z", "date_update": "2020-01-20T15:35:01.330Z", "simple_response": 39, "order": 1}}, {"model": "AgentManager.randomtext", "pk": 39, "fields": {"name": "aaaaaaaa", "date_create": "2020-01-20T15:48:37.914Z", "date_update": "2020-01-20T15:48:37.914Z", "simple_response": 40, "order": 1}}, {"model": "AgentManager.randomtext", "pk": 40, "fields": {"name": "simple", "date_create": "2020-01-20T15:51:43.162Z", "date_update": "2020-01-20T15:51:43.162Z", "simple_response": 41, "order": 1}}, {"model": "AgentManager.randomtext", "pk": 41, "fields": {"name": "simple rep ", "date_create": "2020-01-21T08:15:18.481Z", "date_update": "2020-01-21T08:15:18.482Z", "simple_response": 42, "order": 1}}, {"model": "AgentManager.randomtext", "pk": 42, "fields": {"name": "ssss", "date_create": "2020-01-21T15:38:55.100Z", "date_update": "2020-01-21T15:38:55.101Z", "simple_response": 43, "order": 1}}, {"model": "AgentManager.mixedresponse", "pk": 4, "fields": {"date_create": "2019-12-10T16:54:29.467Z", "date_update": "2019-12-10T16:54:29.467Z", "block_response": 4}}, {"model": "AgentManager.mixedresponse", "pk": 5, "fields": {"date_create": "2019-12-13T16:23:02.250Z", "date_update": "2019-12-13T16:23:02.251Z", "block_response": 5}}, {"model": "AgentManager.mixedresponse", "pk": 13, "fields": {"date_create": "2019-12-17T09:54:58.627Z", "date_update": "2019-12-17T09:54:58.627Z", "block_response": 13}}, {"model": "AgentManager.mixedresponse", "pk": 14, "fields": {"date_create": "2019-12-17T14:50:46.221Z", "date_update": "2019-12-17T14:50:46.222Z", "block_response": 14}}, {"model": "AgentManager.mixedresponse", "pk": 15, "fields": {"date_create": "2019-12-17T14:53:35.039Z", "date_update": "2019-12-17T14:53:35.040Z", "block_response": 15}}, {"model": "AgentManager.mixedresponse", "pk": 16, "fields": {"date_create": "2019-12-19T15:57:36.642Z", "date_update": "2019-12-19T15:57:36.642Z", "block_response": 16}}, {"model": "AgentManager.mixedresponse", "pk": 17, "fields": {"date_create": "2020-01-09T14:34:11.688Z", "date_update": "2020-01-09T14:34:11.688Z", "block_response": 17}}, {"model": "AgentManager.mixedresponse", "pk": 18, "fields": {"date_create": "2020-01-09T14:34:13.249Z", "date_update": "2020-01-09T14:34:13.250Z", "block_response": 18}}, {"model": "AgentManager.mixedresponse", "pk": 19, "fields": {"date_create": "2020-01-09T14:34:15.153Z", "date_update": "2020-01-09T14:34:15.154Z", "block_response": 19}}, {"model": "AgentManager.mixedresponse", "pk": 20, "fields": {"date_create": "2020-01-09T14:34:17.622Z", "date_update": "2020-01-09T14:34:17.622Z", "block_response": 20}}, {"model": "AgentManager.mixedresponse", "pk": 21, "fields": {"date_create": "2020-01-09T14:35:14.266Z", "date_update": "2020-01-09T14:35:14.266Z", "block_response": 21}}, {"model": "AgentManager.mixedresponse", "pk": 22, "fields": {"date_create": "2020-01-09T14:35:15.495Z", "date_update": "2020-01-09T14:35:15.495Z", "block_response": 22}}, {"model": "AgentManager.mixedresponse", "pk": 23, "fields": {"date_create": "2020-01-09T14:35:17.332Z", "date_update": "2020-01-09T14:35:17.333Z", "block_response": 23}}, {"model": "AgentManager.mixedresponse", "pk": 24, "fields": {"date_create": "2020-01-09T14:35:20.056Z", "date_update": "2020-01-09T14:35:20.056Z", "block_response": 24}}, {"model": "AgentManager.mixedresponse", "pk": 25, "fields": {"date_create": "2020-01-09T14:37:38.184Z", "date_update": "2020-01-09T14:37:38.185Z", "block_response": 25}}, {"model": "AgentManager.mixedresponse", "pk": 26, "fields": {"date_create": "2020-01-09T14:37:39.380Z", "date_update": "2020-01-09T14:37:39.380Z", "block_response": 26}}, {"model": "AgentManager.mixedresponse", "pk": 27, "fields": {"date_create": "2020-01-09T14:37:40.885Z", "date_update": "2020-01-09T14:37:40.885Z", "block_response": 27}}, {"model": "AgentManager.mixedresponse", "pk": 28, "fields": {"date_create": "2020-01-09T14:37:43.841Z", "date_update": "2020-01-09T14:37:43.842Z", "block_response": 28}}, {"model": "AgentManager.mixedresponse", "pk": 135, "fields": {"date_create": "2020-01-21T08:31:11.885Z", "date_update": "2020-01-21T08:31:11.886Z", "block_response": 170}}, {"model": "AgentManager.mixedresponse", "pk": 136, "fields": {"date_create": "2020-01-21T09:02:16.491Z", "date_update": "2020-01-21T09:02:16.491Z", "block_response": 171}}, {"model": "AgentManager.mixedresponse", "pk": 137, "fields": {"date_create": "2020-01-21T09:03:22.100Z", "date_update": "2020-01-21T09:03:22.100Z", "block_response": 172}}, {"model": "AgentManager.mixedresponse", "pk": 138, "fields": {"date_create": "2020-01-21T09:07:31.456Z", "date_update": "2020-01-21T09:07:31.456Z", "block_response": 173}}, {"model": "AgentManager.mixedresponse", "pk": 143, "fields": {"date_create": "2020-01-21T09:22:44.520Z", "date_update": "2020-01-21T09:22:44.521Z", "block_response": 178}}, {"model": "AgentManager.mixedresponse", "pk": 145, "fields": {"date_create": "2020-01-21T09:27:06.159Z", "date_update": "2020-01-21T09:27:06.159Z", "block_response": 180}}, {"model": "AgentManager.mixedresponse", "pk": 146, "fields": {"date_create": "2020-01-21T09:27:46.421Z", "date_update": "2020-01-21T09:27:46.422Z", "block_response": 181}}, {"model": "AgentManager.mixedresponse", "pk": 147, "fields": {"date_create": "2020-01-21T09:31:04.877Z", "date_update": "2020-01-21T09:31:04.877Z", "block_response": 182}}, {"model": "AgentManager.mixedresponse", "pk": 149, "fields": {"date_create": "2020-01-21T09:34:51.027Z", "date_update": "2020-01-21T09:34:51.027Z", "block_response": 184}}, {"model": "AgentManager.mixedresponse", "pk": 150, "fields": {"date_create": "2020-01-21T09:35:41.374Z", "date_update": "2020-01-21T09:35:41.375Z", "block_response": 185}}, {"model": "AgentManager.mixedresponse", "pk": 151, "fields": {"date_create": "2020-01-21T09:41:33.258Z", "date_update": "2020-01-21T09:41:33.258Z", "block_response": 186}}, {"model": "AgentManager.mixedresponse", "pk": 152, "fields": {"date_create": "2020-01-21T09:42:16.652Z", "date_update": "2020-01-21T09:42:16.653Z", "block_response": 187}}, {"model": "AgentManager.mixedresponse", "pk": 153, "fields": {"date_create": "2020-01-21T09:42:55.242Z", "date_update": "2020-01-21T09:42:55.242Z", "block_response": 188}}, {"model": "AgentManager.mixedresponse", "pk": 154, "fields": {"date_create": "2020-01-21T09:44:33.211Z", "date_update": "2020-01-21T09:44:33.212Z", "block_response": 189}}, {"model": "AgentManager.mixedresponse", "pk": 155, "fields": {"date_create": "2020-01-21T09:46:56.379Z", "date_update": "2020-01-21T09:46:56.379Z", "block_response": 190}}, {"model": "AgentManager.mixedresponse", "pk": 156, "fields": {"date_create": "2020-01-21T10:27:35.990Z", "date_update": "2020-01-21T10:27:35.990Z", "block_response": 191}}, {"model": "AgentManager.mixedresponse", "pk": 157, "fields": {"date_create": "2020-01-21T11:32:38.161Z", "date_update": "2020-01-21T11:32:38.162Z", "block_response": 192}}, {"model": "AgentManager.mixedresponse", "pk": 158, "fields": {"date_create": "2020-01-21T15:31:57.282Z", "date_update": "2020-01-21T15:31:57.283Z", "block_response": 193}}, {"model": "AgentManager.mixedresponse", "pk": 159, "fields": {"date_create": "2020-01-21T15:57:40.391Z", "date_update": "2020-01-21T15:57:40.391Z", "block_response": 195}}, {"model": "AgentManager.mixedresponse", "pk": 160, "fields": {"date_create": "2020-01-30T13:36:25.948Z", "date_update": "2020-01-30T13:36:25.948Z", "block_response": 196}}, {"model": "AgentManager.mixedresponse", "pk": 161, "fields": {"date_create": "2020-01-31T12:17:44.233Z", "date_update": "2020-01-31T12:17:44.233Z", "block_response": 211}}, {"model": "AgentManager.mixedresponse", "pk": 167, "fields": {"date_create": "2020-02-03T11:55:25.301Z", "date_update": "2020-02-03T11:55:25.301Z", "block_response": 218}}, {"model": "AgentManager.textresponse", "pk": 10, "fields": {"name": "merci de consulter notre site web pour plus d'infos :", "date_create": "2019-12-10T16:54:29.563Z", "date_update": "2019-12-10T16:54:29.564Z", "mixed_response": 4, "order": 1}}, {"model": "AgentManager.textresponse", "pk": 11, "fields": {"name": "merci de consulter notre site web pour plus d'infos :--update", "date_create": "2019-12-13T16:23:02.346Z", "date_update": "2019-12-13T16:41:50.916Z", "mixed_response": 5, "order": 1}}, {"model": "AgentManager.textresponse", "pk": 19, "fields": {"name": "merci de consulter notre site web pour plus d'infos :--update", "date_create": "2019-12-17T09:54:58.709Z", "date_update": "2019-12-17T09:54:58.709Z", "mixed_response": 13, "order": 1}}, {"model": "AgentManager.textresponse", "pk": 20, "fields": {"name": "merci de consulter notre site web pour plus d'infos :", "date_create": "2019-12-17T14:50:46.317Z", "date_update": "2019-12-17T14:50:46.318Z", "mixed_response": 14, "order": 1}}, {"model": "AgentManager.textresponse", "pk": 21, "fields": {"name": "text response only 1", "date_create": "2019-12-17T14:50:46.675Z", "date_update": "2019-12-17T14:50:46.675Z", "mixed_response": 14, "order": 2}}, {"model": "AgentManager.textresponse", "pk": 22, "fields": {"name": "text response only 2", "date_create": "2019-12-17T14:50:46.763Z", "date_update": "2019-12-17T14:50:46.763Z", "mixed_response": 14, "order": 3}}, {"model": "AgentManager.textresponse", "pk": 23, "fields": {"name": "merci de consulter notre site web pour plus d'infos :", "date_create": "2019-12-17T14:53:35.136Z", "date_update": "2019-12-17T14:53:35.136Z", "mixed_response": 15, "order": 1}}, {"model": "AgentManager.textresponse", "pk": 24, "fields": {"name": "text response only 1", "date_create": "2019-12-17T14:53:35.515Z", "date_update": "2019-12-17T14:53:35.516Z", "mixed_response": 15, "order": 2}}, {"model": "AgentManager.textresponse", "pk": 25, "fields": {"name": "text response only 2", "date_create": "2019-12-17T14:53:35.614Z", "date_update": "2019-12-17T14:53:35.615Z", "mixed_response": 15, "order": 3}}, {"model": "AgentManager.textresponse", "pk": 26, "fields": {"name": "merci de consulter notre site web pour plus d'infos :--update", "date_create": "2019-12-19T15:57:36.760Z", "date_update": "2019-12-19T15:57:36.760Z", "mixed_response": 16, "order": 1}}, {"model": "AgentManager.textresponse", "pk": 27, "fields": {"name": "merci de consulter notre site web pour plus d'infos :", "date_create": "2020-01-09T14:34:11.776Z", "date_update": "2020-01-09T14:34:11.777Z", "mixed_response": 17, "order": 1}}, {"model": "AgentManager.textresponse", "pk": 28, "fields": {"name": "merci de consulter notre site web pour plus d'infos :--update", "date_create": "2020-01-09T14:34:13.337Z", "date_update": "2020-01-09T14:34:13.337Z", "mixed_response": 18, "order": 1}}, {"model": "AgentManager.textresponse", "pk": 29, "fields": {"name": "merci de consulter notre site web pour plus d'infos :", "date_create": "2020-01-09T14:34:15.219Z", "date_update": "2020-01-09T14:34:15.219Z", "mixed_response": 19, "order": 1}}, {"model": "AgentManager.textresponse", "pk": 30, "fields": {"name": "text response only 1", "date_create": "2020-01-09T14:34:15.486Z", "date_update": "2020-01-09T14:34:15.486Z", "mixed_response": 19, "order": 2}}, {"model": "AgentManager.textresponse", "pk": 31, "fields": {"name": "text response only 2", "date_create": "2020-01-09T14:34:15.551Z", "date_update": "2020-01-09T14:34:15.552Z", "mixed_response": 19, "order": 3}}, {"model": "AgentManager.textresponse", "pk": 32, "fields": {"name": "merci de consulter notre site web pour plus d'infos :", "date_create": "2020-01-09T14:34:17.721Z", "date_update": "2020-01-09T14:34:17.721Z", "mixed_response": 20, "order": 1}}, {"model": "AgentManager.textresponse", "pk": 33, "fields": {"name": "text response only 1", "date_create": "2020-01-09T14:34:18.121Z", "date_update": "2020-01-09T14:34:18.121Z", "mixed_response": 20, "order": 2}}, {"model": "AgentManager.textresponse", "pk": 34, "fields": {"name": "text response only 2", "date_create": "2020-01-09T14:34:18.275Z", "date_update": "2020-01-09T14:34:18.275Z", "mixed_response": 20, "order": 3}}, {"model": "AgentManager.textresponse", "pk": 35, "fields": {"name": "merci de consulter notre site web pour plus d'infos :", "date_create": "2020-01-09T14:35:14.342Z", "date_update": "2020-01-09T14:35:14.343Z", "mixed_response": 21, "order": 1}}, {"model": "AgentManager.textresponse", "pk": 36, "fields": {"name": "merci de consulter notre site web pour plus d'infos :--update", "date_create": "2020-01-09T14:35:15.560Z", "date_update": "2020-01-09T14:35:15.561Z", "mixed_response": 22, "order": 1}}, {"model": "AgentManager.textresponse", "pk": 37, "fields": {"name": "merci de consulter notre site web pour plus d'infos :", "date_create": "2020-01-09T14:35:17.432Z", "date_update": "2020-01-09T14:35:17.432Z", "mixed_response": 23, "order": 1}}, {"model": "AgentManager.textresponse", "pk": 38, "fields": {"name": "text response only 1", "date_create": "2020-01-09T14:35:17.765Z", "date_update": "2020-01-09T14:35:17.765Z", "mixed_response": 23, "order": 2}}, {"model": "AgentManager.textresponse", "pk": 39, "fields": {"name": "text response only 2", "date_create": "2020-01-09T14:35:17.830Z", "date_update": "2020-01-09T14:35:17.830Z", "mixed_response": 23, "order": 3}}, {"model": "AgentManager.textresponse", "pk": 40, "fields": {"name": "merci de consulter notre site web pour plus d'infos :", "date_create": "2020-01-09T14:35:20.133Z", "date_update": "2020-01-09T14:35:20.133Z", "mixed_response": 24, "order": 1}}, {"model": "AgentManager.textresponse", "pk": 41, "fields": {"name": "text response only 1", "date_create": "2020-01-09T14:35:20.488Z", "date_update": "2020-01-09T14:35:20.489Z", "mixed_response": 24, "order": 2}}, {"model": "AgentManager.textresponse", "pk": 42, "fields": {"name": "text response only 2", "date_create": "2020-01-09T14:35:20.565Z", "date_update": "2020-01-09T14:35:20.565Z", "mixed_response": 24, "order": 3}}, {"model": "AgentManager.textresponse", "pk": 43, "fields": {"name": "merci de consulter notre site web pour plus d'infos :", "date_create": "2020-01-09T14:37:38.261Z", "date_update": "2020-01-09T14:37:38.261Z", "mixed_response": 25, "order": 1}}, {"model": "AgentManager.textresponse", "pk": 44, "fields": {"name": "merci de consulter notre site web pour plus d'infos :--update", "date_create": "2020-01-09T14:37:39.445Z", "date_update": "2020-01-09T14:37:39.445Z", "mixed_response": 26, "order": 1}}, {"model": "AgentManager.textresponse", "pk": 45, "fields": {"name": "merci de consulter notre site web pour plus d'infos :", "date_create": "2020-01-09T14:37:40.951Z", "date_update": "2020-01-09T14:37:40.952Z", "mixed_response": 27, "order": 1}}, {"model": "AgentManager.textresponse", "pk": 46, "fields": {"name": "text response only 1", "date_create": "2020-01-09T14:37:41.218Z", "date_update": "2020-01-09T14:37:41.218Z", "mixed_response": 27, "order": 2}}, {"model": "AgentManager.textresponse", "pk": 47, "fields": {"name": "text response only 2", "date_create": "2020-01-09T14:37:41.283Z", "date_update": "2020-01-09T14:37:41.284Z", "mixed_response": 27, "order": 3}}, {"model": "AgentManager.textresponse", "pk": 48, "fields": {"name": "merci de consulter notre site web pour plus d'infos :", "date_create": "2020-01-09T14:37:43.929Z", "date_update": "2020-01-09T14:37:43.929Z", "mixed_response": 28, "order": 1}}, {"model": "AgentManager.textresponse", "pk": 49, "fields": {"name": "text response only 1", "date_create": "2020-01-09T14:37:44.205Z", "date_update": "2020-01-09T14:37:44.205Z", "mixed_response": 28, "order": 2}}, {"model": "AgentManager.textresponse", "pk": 50, "fields": {"name": "text response only 2", "date_create": "2020-01-09T14:37:44.383Z", "date_update": "2020-01-09T14:37:44.384Z", "mixed_response": 28, "order": 3}}, {"model": "AgentManager.textresponse", "pk": 95, "fields": {"name": "Merci de consulter notre site web :", "date_create": "2020-01-21T09:22:45.089Z", "date_update": "2020-01-21T09:22:45.089Z", "mixed_response": 143, "order": 5}}, {"model": "AgentManager.textresponse", "pk": 96, "fields": {"name": "\u00e0 bientot", "date_create": "2020-01-21T09:22:45.274Z", "date_update": "2020-01-21T09:22:45.274Z", "mixed_response": 143, "order": 7}}, {"model": "AgentManager.textresponse", "pk": 99, "fields": {"name": "Merci de consulter notre site web :", "date_create": "2020-01-21T09:27:06.755Z", "date_update": "2020-01-21T09:27:06.756Z", "mixed_response": 145, "order": 5}}, {"model": "AgentManager.textresponse", "pk": 100, "fields": {"name": "\u00e0 bientot", "date_create": "2020-01-21T09:27:06.962Z", "date_update": "2020-01-21T09:27:06.962Z", "mixed_response": 145, "order": 7}}, {"model": "AgentManager.textresponse", "pk": 101, "fields": {"name": "Merci de consulter notre site web :", "date_create": "2020-01-21T09:27:47.005Z", "date_update": "2020-01-21T09:27:47.006Z", "mixed_response": 146, "order": 5}}, {"model": "AgentManager.textresponse", "pk": 102, "fields": {"name": "\u00e0 bientot", "date_create": "2020-01-21T09:27:47.224Z", "date_update": "2020-01-21T09:27:47.224Z", "mixed_response": 146, "order": 7}}, {"model": "AgentManager.textresponse", "pk": 103, "fields": {"name": "Merci de consulter notre site web :", "date_create": "2020-01-21T09:31:05.593Z", "date_update": "2020-01-21T09:31:05.593Z", "mixed_response": 147, "order": 5}}, {"model": "AgentManager.textresponse", "pk": 104, "fields": {"name": "\u00e0 bientot", "date_create": "2020-01-21T09:31:05.812Z", "date_update": "2020-01-21T09:31:05.813Z", "mixed_response": 147, "order": 7}}, {"model": "AgentManager.textresponse", "pk": 107, "fields": {"name": "Merci de consulter notre site web :", "date_create": "2020-01-21T09:34:51.679Z", "date_update": "2020-01-21T09:34:51.679Z", "mixed_response": 149, "order": 5}}, {"model": "AgentManager.textresponse", "pk": 108, "fields": {"name": "\u00e0 bientot", "date_create": "2020-01-21T09:34:51.908Z", "date_update": "2020-01-21T09:34:51.908Z", "mixed_response": 149, "order": 7}}, {"model": "AgentManager.textresponse", "pk": 109, "fields": {"name": "Merci de consulter notre site web :", "date_create": "2020-01-21T09:41:33.760Z", "date_update": "2020-01-21T09:41:33.760Z", "mixed_response": 151, "order": 5}}, {"model": "AgentManager.textresponse", "pk": 110, "fields": {"name": "\u00e0 bientot", "date_create": "2020-01-21T09:41:33.944Z", "date_update": "2020-01-21T09:41:33.944Z", "mixed_response": 151, "order": 7}}, {"model": "AgentManager.textresponse", "pk": 111, "fields": {"name": "Merci de consulter notre site web :", "date_create": "2020-01-21T09:44:33.757Z", "date_update": "2020-01-21T09:44:33.757Z", "mixed_response": 154, "order": 5}}, {"model": "AgentManager.textresponse", "pk": 112, "fields": {"name": "\u00e0 bientot", "date_create": "2020-01-21T09:44:34.007Z", "date_update": "2020-01-21T09:44:34.007Z", "mixed_response": 154, "order": 7}}, {"model": "AgentManager.textresponse", "pk": 113, "fields": {"name": "texte1", "date_create": "2020-01-21T11:32:38.242Z", "date_update": "2020-01-21T11:32:38.242Z", "mixed_response": 157, "order": 1}}, {"model": "AgentManager.textresponse", "pk": 114, "fields": {"name": "Merci de consulter notre site web :", "date_create": "2020-01-21T15:31:57.972Z", "date_update": "2020-01-21T15:31:57.972Z", "mixed_response": 158, "order": 5}}, {"model": "AgentManager.textresponse", "pk": 115, "fields": {"name": "\u00e0 bientot", "date_create": "2020-01-21T15:31:58.201Z", "date_update": "2020-01-21T15:31:58.202Z", "mixed_response": 158, "order": 7}}, {"model": "AgentManager.textresponse", "pk": 116, "fields": {"name": "Merci de consulter notre site web :", "date_create": "2020-01-30T13:36:26.647Z", "date_update": "2020-01-30T13:36:26.648Z", "mixed_response": 160, "order": 5}}, {"model": "AgentManager.textresponse", "pk": 117, "fields": {"name": "\u00e0 bientot", "date_create": "2020-01-30T13:36:26.809Z", "date_update": "2020-01-30T13:36:26.810Z", "mixed_response": 160, "order": 7}}, {"model": "AgentManager.textresponse", "pk": 118, "fields": {"name": "Merci de consulter notre site web :", "date_create": "2020-01-31T12:17:44.745Z", "date_update": "2020-01-31T12:17:44.746Z", "mixed_response": 161, "order": 5}}, {"model": "AgentManager.textresponse", "pk": 119, "fields": {"name": "\u00e0 bientot", "date_create": "2020-01-31T12:17:44.828Z", "date_update": "2020-01-31T12:17:44.829Z", "mixed_response": 161, "order": 7}}, {"model": "AgentManager.textresponse", "pk": 122, "fields": {"name": "Merci de consulter notre site web updated :", "date_create": "2020-02-03T11:55:25.982Z", "date_update": "2020-02-03T12:26:17.211Z", "mixed_response": 167, "order": 5}}, {"model": "AgentManager.textresponse", "pk": 123, "fields": {"name": "\u00e0 bientot updated", "date_create": "2020-02-03T11:55:26.163Z", "date_update": "2020-02-03T12:26:17.307Z", "mixed_response": 167, "order": 7}}, {"model": "AgentManager.gallery", "pk": 7, "fields": {"date_create": "2019-12-13T16:12:49.619Z", "date_update": "2019-12-13T16:12:49.619Z", "mixed_response": 4, "order": 1}}, {"model": "AgentManager.gallery", "pk": 8, "fields": {"date_create": "2019-12-13T16:23:02.715Z", "date_update": "2019-12-13T16:41:51.253Z", "mixed_response": 5, "order": 1}}, {"model": "AgentManager.gallery", "pk": 16, "fields": {"date_create": "2019-12-17T09:54:59.040Z", "date_update": "2019-12-17T09:54:59.041Z", "mixed_response": 13, "order": 1}}, {"model": "AgentManager.gallery", "pk": 17, "fields": {"date_create": "2019-12-17T14:50:47.362Z", "date_update": "2019-12-17T14:50:47.362Z", "mixed_response": 14, "order": 1}}, {"model": "AgentManager.gallery", "pk": 18, "fields": {"date_create": "2019-12-17T14:50:47.749Z", "date_update": "2019-12-17T14:50:47.749Z", "mixed_response": 14, "order": 2}}, {"model": "AgentManager.gallery", "pk": 19, "fields": {"date_create": "2019-12-17T14:53:36.257Z", "date_update": "2019-12-17T14:53:36.257Z", "mixed_response": 15, "order": 1}}, {"model": "AgentManager.gallery", "pk": 20, "fields": {"date_create": "2019-12-17T14:53:36.700Z", "date_update": "2019-12-17T14:53:36.700Z", "mixed_response": 15, "order": 2}}, {"model": "AgentManager.gallery", "pk": 21, "fields": {"date_create": "2019-12-19T15:57:37.195Z", "date_update": "2019-12-19T15:57:37.196Z", "mixed_response": 16, "order": 1}}, {"model": "AgentManager.gallery", "pk": 22, "fields": {"date_create": "2020-01-09T14:34:12.086Z", "date_update": "2020-01-09T14:34:12.087Z", "mixed_response": 17, "order": 1}}, {"model": "AgentManager.gallery", "pk": 23, "fields": {"date_create": "2020-01-09T14:34:13.692Z", "date_update": "2020-01-09T14:34:13.693Z", "mixed_response": 18, "order": 1}}, {"model": "AgentManager.gallery", "pk": 24, "fields": {"date_create": "2020-01-09T14:34:15.618Z", "date_update": "2020-01-09T14:34:15.618Z", "mixed_response": 19, "order": 1}}, {"model": "AgentManager.gallery", "pk": 25, "fields": {"date_create": "2020-01-09T14:34:15.972Z", "date_update": "2020-01-09T14:34:15.973Z", "mixed_response": 19, "order": 2}}, {"model": "AgentManager.gallery", "pk": 26, "fields": {"date_create": "2020-01-09T14:34:18.386Z", "date_update": "2020-01-09T14:34:18.386Z", "mixed_response": 20, "order": 1}}, {"model": "AgentManager.gallery", "pk": 27, "fields": {"date_create": "2020-01-09T14:34:18.851Z", "date_update": "2020-01-09T14:34:18.851Z", "mixed_response": 20, "order": 2}}, {"model": "AgentManager.gallery", "pk": 28, "fields": {"date_create": "2020-01-09T14:35:14.675Z", "date_update": "2020-01-09T14:35:14.675Z", "mixed_response": 21, "order": 1}}, {"model": "AgentManager.gallery", "pk": 29, "fields": {"date_create": "2020-01-09T14:35:15.960Z", "date_update": "2020-01-09T14:35:15.960Z", "mixed_response": 22, "order": 1}}, {"model": "AgentManager.gallery", "pk": 30, "fields": {"date_create": "2020-01-09T14:35:17.897Z", "date_update": "2020-01-09T14:35:17.897Z", "mixed_response": 23, "order": 1}}, {"model": "AgentManager.gallery", "pk": 31, "fields": {"date_create": "2020-01-09T14:35:18.250Z", "date_update": "2020-01-09T14:35:18.250Z", "mixed_response": 23, "order": 2}}, {"model": "AgentManager.gallery", "pk": 32, "fields": {"date_create": "2020-01-09T14:35:20.664Z", "date_update": "2020-01-09T14:35:20.665Z", "mixed_response": 24, "order": 1}}, {"model": "AgentManager.gallery", "pk": 33, "fields": {"date_create": "2020-01-09T14:35:21.118Z", "date_update": "2020-01-09T14:35:21.119Z", "mixed_response": 24, "order": 2}}, {"model": "AgentManager.gallery", "pk": 34, "fields": {"date_create": "2020-01-09T14:37:38.649Z", "date_update": "2020-01-09T14:37:38.650Z", "mixed_response": 25, "order": 1}}, {"model": "AgentManager.gallery", "pk": 35, "fields": {"date_create": "2020-01-09T14:37:39.779Z", "date_update": "2020-01-09T14:37:39.779Z", "mixed_response": 26, "order": 1}}, {"model": "AgentManager.gallery", "pk": 36, "fields": {"date_create": "2020-01-09T14:37:41.350Z", "date_update": "2020-01-09T14:37:41.350Z", "mixed_response": 27, "order": 1}}, {"model": "AgentManager.gallery", "pk": 37, "fields": {"date_create": "2020-01-09T14:37:41.771Z", "date_update": "2020-01-09T14:37:41.771Z", "mixed_response": 27, "order": 2}}, {"model": "AgentManager.gallery", "pk": 38, "fields": {"date_create": "2020-01-09T14:37:44.527Z", "date_update": "2020-01-09T14:37:44.528Z", "mixed_response": 28, "order": 1}}, {"model": "AgentManager.gallery", "pk": 39, "fields": {"date_create": "2020-01-09T14:37:44.904Z", "date_update": "2020-01-09T14:37:44.904Z", "mixed_response": 28, "order": 2}}, {"model": "AgentManager.gallery", "pk": 45, "fields": {"date_create": "2020-01-21T08:31:11.943Z", "date_update": "2020-01-21T08:31:11.943Z", "mixed_response": 135, "order": 1}}, {"model": "AgentManager.gallery", "pk": 46, "fields": {"date_create": "2020-01-21T09:02:16.571Z", "date_update": "2020-01-21T09:02:16.571Z", "mixed_response": 136, "order": 1}}, {"model": "AgentManager.gallery", "pk": 47, "fields": {"date_create": "2020-01-21T09:03:22.159Z", "date_update": "2020-01-21T09:03:22.159Z", "mixed_response": 137, "order": 1}}, {"model": "AgentManager.gallery", "pk": 48, "fields": {"date_create": "2020-01-21T09:07:31.525Z", "date_update": "2020-01-21T09:07:31.526Z", "mixed_response": 138, "order": 1}}, {"model": "AgentManager.gallery", "pk": 52, "fields": {"date_create": "2020-01-21T09:22:45.333Z", "date_update": "2020-01-21T09:22:45.333Z", "mixed_response": 143, "order": 2}}, {"model": "AgentManager.gallery", "pk": 53, "fields": {"date_create": "2020-01-21T09:22:45.646Z", "date_update": "2020-01-21T09:22:45.646Z", "mixed_response": 143, "order": 4}}, {"model": "AgentManager.gallery", "pk": 55, "fields": {"date_create": "2020-01-21T09:27:07.026Z", "date_update": "2020-01-21T09:27:07.026Z", "mixed_response": 145, "order": 2}}, {"model": "AgentManager.gallery", "pk": 56, "fields": {"date_create": "2020-01-21T09:27:07.289Z", "date_update": "2020-01-21T09:27:07.289Z", "mixed_response": 145, "order": 4}}, {"model": "AgentManager.gallery", "pk": 57, "fields": {"date_create": "2020-01-21T09:27:47.289Z", "date_update": "2020-01-21T09:27:47.289Z", "mixed_response": 146, "order": 2}}, {"model": "AgentManager.gallery", "pk": 58, "fields": {"date_create": "2020-01-21T09:27:47.573Z", "date_update": "2020-01-21T09:27:47.574Z", "mixed_response": 146, "order": 4}}, {"model": "AgentManager.gallery", "pk": 59, "fields": {"date_create": "2020-01-21T09:31:05.887Z", "date_update": "2020-01-21T09:31:05.887Z", "mixed_response": 147, "order": 2}}, {"model": "AgentManager.gallery", "pk": 60, "fields": {"date_create": "2020-01-21T09:31:06.194Z", "date_update": "2020-01-21T09:31:06.194Z", "mixed_response": 147, "order": 4}}, {"model": "AgentManager.gallery", "pk": 62, "fields": {"date_create": "2020-01-21T09:34:51.972Z", "date_update": "2020-01-21T09:34:51.973Z", "mixed_response": 149, "order": 2}}, {"model": "AgentManager.gallery", "pk": 63, "fields": {"date_create": "2020-01-21T09:34:52.273Z", "date_update": "2020-01-21T09:34:52.274Z", "mixed_response": 149, "order": 4}}, {"model": "AgentManager.gallery", "pk": 64, "fields": {"date_create": "2020-01-21T09:35:41.488Z", "date_update": "2020-01-21T09:35:41.488Z", "mixed_response": 150, "order": 1}}, {"model": "AgentManager.gallery", "pk": 65, "fields": {"date_create": "2020-01-21T09:41:34.003Z", "date_update": "2020-01-21T09:41:34.004Z", "mixed_response": 151, "order": 2}}, {"model": "AgentManager.gallery", "pk": 66, "fields": {"date_create": "2020-01-21T09:41:34.326Z", "date_update": "2020-01-21T09:41:34.326Z", "mixed_response": 151, "order": 4}}, {"model": "AgentManager.gallery", "pk": 67, "fields": {"date_create": "2020-01-21T09:42:16.718Z", "date_update": "2020-01-21T09:42:16.719Z", "mixed_response": 152, "order": 1}}, {"model": "AgentManager.gallery", "pk": 68, "fields": {"date_create": "2020-01-21T09:42:55.300Z", "date_update": "2020-01-21T09:42:55.300Z", "mixed_response": 153, "order": 1}}, {"model": "AgentManager.gallery", "pk": 69, "fields": {"date_create": "2020-01-21T09:44:34.076Z", "date_update": "2020-01-21T09:44:34.076Z", "mixed_response": 154, "order": 2}}, {"model": "AgentManager.gallery", "pk": 70, "fields": {"date_create": "2020-01-21T09:44:34.418Z", "date_update": "2020-01-21T09:44:34.418Z", "mixed_response": 154, "order": 4}}, {"model": "AgentManager.gallery", "pk": 71, "fields": {"date_create": "2020-01-21T09:46:56.449Z", "date_update": "2020-01-21T09:46:56.449Z", "mixed_response": 155, "order": 1}}, {"model": "AgentManager.gallery", "pk": 72, "fields": {"date_create": "2020-01-21T10:27:36.190Z", "date_update": "2020-01-21T10:27:36.190Z", "mixed_response": 156, "order": 2}}, {"model": "AgentManager.gallery", "pk": 73, "fields": {"date_create": "2020-01-21T15:31:58.283Z", "date_update": "2020-01-21T15:31:58.283Z", "mixed_response": 158, "order": 2}}, {"model": "AgentManager.gallery", "pk": 74, "fields": {"date_create": "2020-01-21T15:31:58.623Z", "date_update": "2020-01-21T15:31:58.623Z", "mixed_response": 158, "order": 4}}, {"model": "AgentManager.gallery", "pk": 75, "fields": {"date_create": "2020-01-21T15:57:40.691Z", "date_update": "2020-01-21T15:57:40.691Z", "mixed_response": 159, "order": 1}}, {"model": "AgentManager.gallery", "pk": 76, "fields": {"date_create": "2020-01-31T12:17:44.912Z", "date_update": "2020-01-31T12:17:44.913Z", "mixed_response": 161, "order": 2}}, {"model": "AgentManager.gallery", "pk": 77, "fields": {"date_create": "2020-01-31T12:17:45.185Z", "date_update": "2020-01-31T12:17:45.186Z", "mixed_response": 161, "order": 4}}, {"model": "AgentManager.gallery", "pk": 81, "fields": {"date_create": "2020-02-03T11:55:26.344Z", "date_update": "2020-02-03T12:26:17.443Z", "mixed_response": 167, "order": 2}}, {"model": "AgentManager.gallery", "pk": 82, "fields": {"date_create": "2020-02-03T11:55:26.607Z", "date_update": "2020-02-03T12:26:17.715Z", "mixed_response": 167, "order": 4}}, {"model": "AgentManager.slider", "pk": 10, "fields": {"image": "images/2019/12/13/Architecture-of-Expert-System.png", "title": "test slider image", "subtitle": "test", "url": "http://127.0.0.1:8000/api/bot/1/intent/", "date_create": "2019-12-13T16:13:53.320Z", "date_update": "2019-12-13T16:13:53.320Z", "gallery": 7, "order": 2}}, {"model": "AgentManager.slider", "pk": 11, "fields": {"image": "images/2019/12/13/Architecture-of-Expert-System_wkJcWFQ.png", "title": "test slider image", "subtitle": "test", "url": "http://127.0.0.1:8000/api/bot/1/intent/", "date_create": "2019-12-13T16:23:02.804Z", "date_update": "2019-12-13T16:23:02.893Z", "gallery": 8, "order": 2}}, {"model": "AgentManager.slider", "pk": 19, "fields": {"image": "images/2019/12/17/Architecture-of-Expert-System_wkJcWFQ_VwXhkKd.png", "title": "test slider image", "subtitle": "test", "url": "http://127.0.0.1:8000/api/bot/1/intent/", "date_create": "2019-12-17T09:54:59.128Z", "date_update": "2019-12-17T09:54:59.217Z", "gallery": 16, "order": 2}}, {"model": "AgentManager.slider", "pk": 20, "fields": {"image": "", "title": "titre slider 1", "subtitle": "subtitle", "url": null, "date_create": "2019-12-17T14:50:47.439Z", "date_update": "2019-12-17T14:50:47.439Z", "gallery": 17, "order": 1}}, {"model": "AgentManager.slider", "pk": 21, "fields": {"image": "", "title": "titre slide 2r", "subtitle": null, "url": null, "date_create": "2019-12-17T14:50:47.671Z", "date_update": "2019-12-17T14:50:47.672Z", "gallery": 17, "order": 2}}, {"model": "AgentManager.slider", "pk": 22, "fields": {"image": "", "title": "titre", "subtitle": null, "url": null, "date_create": "2019-12-17T14:50:47.826Z", "date_update": "2019-12-17T14:50:47.826Z", "gallery": 18, "order": 12}}, {"model": "AgentManager.slider", "pk": 23, "fields": {"image": "", "title": "titre slider 1", "subtitle": "subtitle", "url": null, "date_create": "2019-12-17T14:53:36.346Z", "date_update": "2019-12-17T14:53:36.347Z", "gallery": 19, "order": 1}}, {"model": "AgentManager.slider", "pk": 24, "fields": {"image": "", "title": "titre slide 2r", "subtitle": null, "url": null, "date_create": "2019-12-17T14:53:36.611Z", "date_update": "2019-12-17T14:53:36.612Z", "gallery": 19, "order": 2}}, {"model": "AgentManager.slider", "pk": 25, "fields": {"image": "", "title": "titre", "subtitle": null, "url": null, "date_create": "2019-12-17T14:53:36.789Z", "date_update": "2019-12-17T14:53:36.789Z", "gallery": 20, "order": 12}}, {"model": "AgentManager.slider", "pk": 26, "fields": {"image": "images/2019/12/19/Architecture-of-Expert-System_wkJcWFQ_VwXhkKd.png", "title": "test slider image", "subtitle": "test", "url": "http://127.0.0.1:8000/api/bot/1/intent/", "date_create": "2019-12-19T15:57:37.284Z", "date_update": "2019-12-19T15:57:37.375Z", "gallery": 21, "order": 2}}, {"model": "AgentManager.slider", "pk": 27, "fields": {"image": "images/2020/01/09/Architecture-of-Expert-System.png", "title": "test slider image", "subtitle": "test", "url": "http://127.0.0.1:8000/api/bot/1/intent/", "date_create": "2020-01-09T14:34:12.164Z", "date_update": "2020-01-09T14:34:12.265Z", "gallery": 22, "order": 2}}, {"model": "AgentManager.slider", "pk": 28, "fields": {"image": "images/2020/01/09/Architecture-of-Expert-System_wkJcWFQ.png", "title": "test slider image", "subtitle": "test", "url": "http://127.0.0.1:8000/api/bot/1/intent/", "date_create": "2020-01-09T14:34:13.780Z", "date_update": "2020-01-09T14:34:13.869Z", "gallery": 23, "order": 2}}, {"model": "AgentManager.slider", "pk": 29, "fields": {"image": "", "title": "titre slider 1", "subtitle": "subtitle", "url": null, "date_create": "2020-01-09T14:34:15.707Z", "date_update": "2020-01-09T14:34:15.708Z", "gallery": 24, "order": 1}}, {"model": "AgentManager.slider", "pk": 30, "fields": {"image": "", "title": "titre slide 2r", "subtitle": null, "url": null, "date_create": "2020-01-09T14:34:15.907Z", "date_update": "2020-01-09T14:34:15.907Z", "gallery": 24, "order": 2}}, {"model": "AgentManager.slider", "pk": 31, "fields": {"image": "", "title": "titre", "subtitle": null, "url": null, "date_create": "2020-01-09T14:34:16.039Z", "date_update": "2020-01-09T14:34:16.040Z", "gallery": 25, "order": 12}}, {"model": "AgentManager.slider", "pk": 32, "fields": {"image": "", "title": "titre slider 1", "subtitle": "subtitle", "url": null, "date_create": "2020-01-09T14:34:18.452Z", "date_update": "2020-01-09T14:34:18.453Z", "gallery": 26, "order": 1}}, {"model": "AgentManager.slider", "pk": 33, "fields": {"image": "", "title": "titre slide 2r", "subtitle": null, "url": null, "date_create": "2020-01-09T14:34:18.752Z", "date_update": "2020-01-09T14:34:18.752Z", "gallery": 26, "order": 2}}, {"model": "AgentManager.slider", "pk": 34, "fields": {"image": "", "title": "titre", "subtitle": null, "url": null, "date_create": "2020-01-09T14:34:18.940Z", "date_update": "2020-01-09T14:34:18.940Z", "gallery": 27, "order": 12}}, {"model": "AgentManager.slider", "pk": 35, "fields": {"image": "images/2020/01/09/Architecture-of-Expert-System_G1OMTAg.png", "title": "test slider image", "subtitle": "test", "url": "http://127.0.0.1:8000/api/bot/1/intent/", "date_create": "2020-01-09T14:35:14.764Z", "date_update": "2020-01-09T14:35:14.853Z", "gallery": 28, "order": 2}}, {"model": "AgentManager.slider", "pk": 36, "fields": {"image": "images/2020/01/09/Architecture-of-Expert-System_wkJcWFQ_FAV6X3p.png", "title": "test slider image", "subtitle": "test", "url": "http://127.0.0.1:8000/api/bot/1/intent/", "date_create": "2020-01-09T14:35:16.026Z", "date_update": "2020-01-09T14:35:16.102Z", "gallery": 29, "order": 2}}, {"model": "AgentManager.slider", "pk": 37, "fields": {"image": "", "title": "titre slider 1", "subtitle": "subtitle", "url": null, "date_create": "2020-01-09T14:35:17.964Z", "date_update": "2020-01-09T14:35:17.964Z", "gallery": 30, "order": 1}}, {"model": "AgentManager.slider", "pk": 38, "fields": {"image": "", "title": "titre slide 2r", "subtitle": null, "url": null, "date_create": "2020-01-09T14:35:18.172Z", "date_update": "2020-01-09T14:35:18.173Z", "gallery": 30, "order": 2}}, {"model": "AgentManager.slider", "pk": 39, "fields": {"image": "", "title": "titre", "subtitle": null, "url": null, "date_create": "2020-01-09T14:35:18.327Z", "date_update": "2020-01-09T14:35:18.328Z", "gallery": 31, "order": 12}}, {"model": "AgentManager.slider", "pk": 40, "fields": {"image": "", "title": "titre slider 1", "subtitle": "subtitle", "url": null, "date_create": "2020-01-09T14:35:20.765Z", "date_update": "2020-01-09T14:35:20.765Z", "gallery": 32, "order": 1}}, {"model": "AgentManager.slider", "pk": 41, "fields": {"image": "", "title": "titre slide 2r", "subtitle": null, "url": null, "date_create": "2020-01-09T14:35:20.965Z", "date_update": "2020-01-09T14:35:20.965Z", "gallery": 32, "order": 2}}, {"model": "AgentManager.slider", "pk": 42, "fields": {"image": "", "title": "titre", "subtitle": null, "url": null, "date_create": "2020-01-09T14:35:21.218Z", "date_update": "2020-01-09T14:35:21.219Z", "gallery": 33, "order": 12}}, {"model": "AgentManager.slider", "pk": 43, "fields": {"image": "images/2020/01/09/Architecture-of-Expert-System_qUhrZ3O.png", "title": "test slider image", "subtitle": "test", "url": "http://127.0.0.1:8000/api/bot/1/intent/", "date_create": "2020-01-09T14:37:38.715Z", "date_update": "2020-01-09T14:37:38.782Z", "gallery": 34, "order": 2}}, {"model": "AgentManager.slider", "pk": 44, "fields": {"image": "images/2020/01/09/Architecture-of-Expert-System_wkJcWFQ_J0pdz7M.png", "title": "test slider image", "subtitle": "test", "url": "http://127.0.0.1:8000/api/bot/1/intent/", "date_create": "2020-01-09T14:37:39.856Z", "date_update": "2020-01-09T14:37:39.934Z", "gallery": 35, "order": 2}}, {"model": "AgentManager.slider", "pk": 45, "fields": {"image": "", "title": "titre slider 1", "subtitle": "subtitle", "url": null, "date_create": "2020-01-09T14:37:41.417Z", "date_update": "2020-01-09T14:37:41.417Z", "gallery": 36, "order": 1}}, {"model": "AgentManager.slider", "pk": 46, "fields": {"image": "", "title": "titre slide 2r", "subtitle": null, "url": null, "date_create": "2020-01-09T14:37:41.661Z", "date_update": "2020-01-09T14:37:41.661Z", "gallery": 36, "order": 2}}, {"model": "AgentManager.slider", "pk": 47, "fields": {"image": "", "title": "titre", "subtitle": null, "url": null, "date_create": "2020-01-09T14:37:41.882Z", "date_update": "2020-01-09T14:37:41.882Z", "gallery": 37, "order": 12}}, {"model": "AgentManager.slider", "pk": 48, "fields": {"image": "", "title": "titre slider 1", "subtitle": "subtitle", "url": null, "date_create": "2020-01-09T14:37:44.627Z", "date_update": "2020-01-09T14:37:44.628Z", "gallery": 38, "order": 1}}, {"model": "AgentManager.slider", "pk": 49, "fields": {"image": "", "title": "titre slide 2r", "subtitle": null, "url": null, "date_create": "2020-01-09T14:37:44.838Z", "date_update": "2020-01-09T14:37:44.839Z", "gallery": 38, "order": 2}}, {"model": "AgentManager.slider", "pk": 50, "fields": {"image": "", "title": "titre", "subtitle": null, "url": null, "date_create": "2020-01-09T14:37:44.982Z", "date_update": "2020-01-09T14:37:44.982Z", "gallery": 39, "order": 12}}, {"model": "AgentManager.slider", "pk": 55, "fields": {"image": "upoloads/image/f38eff5d-a07e-41d4-a000-f547b7a1f9cd.png", "title": "s", "subtitle": "ss", "url": "ssssss", "date_create": "2020-01-21T08:31:12.017Z", "date_update": "2020-01-21T08:31:12.030Z", "gallery": 45, "order": 0}}, {"model": "AgentManager.slider", "pk": 56, "fields": {"image": "upoloads/image/4bcd08f0-99f4-4ba2-861a-2ad0f2b82df7.png", "title": "x", "subtitle": "x", "url": "x", "date_create": "2020-01-21T09:02:16.677Z", "date_update": "2020-01-21T09:02:16.678Z", "gallery": 46, "order": 0}}, {"model": "AgentManager.slider", "pk": 57, "fields": {"image": "upoloads/image/ccc51413-3ede-4091-93c5-d04f8c5107f8.png", "title": "cc", "subtitle": "cc", "url": "cccc", "date_create": "2020-01-21T09:03:22.278Z", "date_update": "2020-01-21T09:03:22.280Z", "gallery": 47, "order": 0}}, {"model": "AgentManager.slider", "pk": 58, "fields": {"image": "upoloads/image/b6327238-46f8-4bb8-b611-e3bef036bdcf.png", "title": "c", "subtitle": "qsqs", "url": "qzcQSC", "date_create": "2020-01-21T09:07:31.610Z", "date_update": "2020-01-21T09:07:31.612Z", "gallery": 48, "order": 0}}, {"model": "AgentManager.slider", "pk": 62, "fields": {"image": "upoloads/image/d05cf3a6-9fbf-4b00-bc83-c9a46e2617a4.png", "title": "Notre solution d'intelligence artificielle Magixy", "subtitle": "La qualit\u00e9 du service client conditionne l\u2019image d\u2019une entreprise et sa capacit\u00e9", "url": "http://www.solixy.com/", "date_create": "2020-01-21T09:22:45.417Z", "date_update": "2020-01-21T09:22:45.418Z", "gallery": 52, "order": 1}}, {"model": "AgentManager.slider", "pk": 63, "fields": {"image": "upoloads/image/e9872f6d-0cbd-4d9c-b075-b683d7edb173.png", "title": "Notre solution d'intelligence artificielle Ritabot", "subtitle": "Un agent conversationnel bas\u00e9 sur les technique de NLP (Natural Language Process", "url": "http://www.solixy.com/", "date_create": "2020-01-21T09:22:45.572Z", "date_update": "2020-01-21T09:22:45.573Z", "gallery": 52, "order": 2}}, {"model": "AgentManager.slider", "pk": 64, "fields": {"image": "upoloads/image/9e65f4c5-046c-4ad9-a279-abaf9bd527f5.png", "title": "Notre solution d'intelligence artificielle Geoxy", "subtitle": null, "url": null, "date_create": "2020-01-21T09:22:45.727Z", "date_update": "2020-01-21T09:22:45.728Z", "gallery": 53, "order": 1}}, {"model": "AgentManager.slider", "pk": 65, "fields": {"image": "upoloads/image/c7e24d80-708c-43ce-8c6a-f8e3d556ce12.png", "title": "Notre solution d'intelligence artificielle Magixy", "subtitle": "La qualit\u00e9 du service client conditionne l\u2019image d\u2019une entreprise et sa capacit\u00e9", "url": "http://www.solixy.com/", "date_create": "2020-01-21T09:27:07.098Z", "date_update": "2020-01-21T09:27:07.099Z", "gallery": 55, "order": 1}}, {"model": "AgentManager.slider", "pk": 66, "fields": {"image": "upoloads/image/77bfaeca-ad43-4733-99fc-efa4fe7d2f81.png", "title": "Notre solution d'intelligence artificielle Ritabot", "subtitle": "Un agent conversationnel bas\u00e9 sur les technique de NLP (Natural Language Process", "url": "http://www.solixy.com/", "date_create": "2020-01-21T09:27:07.228Z", "date_update": "2020-01-21T09:27:07.229Z", "gallery": 55, "order": 2}}, {"model": "AgentManager.slider", "pk": 67, "fields": {"image": "upoloads/image/a2b7fd22-ab42-45fc-8797-e58c234301bc.png", "title": "Notre solution d'intelligence artificielle Geoxy", "subtitle": null, "url": null, "date_create": "2020-01-21T09:27:07.363Z", "date_update": "2020-01-21T09:27:07.364Z", "gallery": 56, "order": 1}}, {"model": "AgentManager.slider", "pk": 68, "fields": {"image": "upoloads/image/687cb453-5407-4a16-853d-3eb3bd790b02.png", "title": "Notre solution d'intelligence artificielle Magixy", "subtitle": "La qualit\u00e9 du service client conditionne l\u2019image d\u2019une entreprise et sa capacit\u00e9", "url": "http://www.solixy.com/", "date_create": "2020-01-21T09:27:47.361Z", "date_update": "2020-01-21T09:27:47.362Z", "gallery": 57, "order": 1}}, {"model": "AgentManager.slider", "pk": 69, "fields": {"image": "upoloads/image/8ee72162-6111-4a5d-bfe9-d27ecfaad572.png", "title": "Notre solution d'intelligence artificielle Ritabot", "subtitle": "Un agent conversationnel bas\u00e9 sur les technique de NLP (Natural Language Process", "url": "http://www.solixy.com/", "date_create": "2020-01-21T09:27:47.512Z", "date_update": "2020-01-21T09:27:47.513Z", "gallery": 57, "order": 2}}, {"model": "AgentManager.slider", "pk": 70, "fields": {"image": "upoloads/image/4af83a72-195f-488a-a343-edc3bd88d2ce.png", "title": "Notre solution d'intelligence artificielle Geoxy", "subtitle": null, "url": null, "date_create": "2020-01-21T09:27:47.647Z", "date_update": "2020-01-21T09:27:47.648Z", "gallery": 58, "order": 1}}, {"model": "AgentManager.slider", "pk": 71, "fields": {"image": "upoloads/image/9255f35b-5d60-4492-a296-7324868d41f3.png", "title": "Notre solution d'intelligence artificielle Magixy", "subtitle": "La qualit\u00e9 du service client conditionne l\u2019image d\u2019une entreprise et sa capacit\u00e9", "url": "http://www.solixy.com/", "date_create": "2020-01-21T09:31:05.969Z", "date_update": "2020-01-21T09:31:05.970Z", "gallery": 59, "order": 1}}, {"model": "AgentManager.slider", "pk": 72, "fields": {"image": "upoloads/image/7ccf4eeb-3745-41fb-aea1-98113acf76a2.png", "title": "Notre solution d'intelligence artificielle Ritabot", "subtitle": "Un agent conversationnel bas\u00e9 sur les technique de NLP (Natural Language Process", "url": "http://www.solixy.com/", "date_create": "2020-01-21T09:31:06.122Z", "date_update": "2020-01-21T09:31:06.123Z", "gallery": 59, "order": 2}}, {"model": "AgentManager.slider", "pk": 73, "fields": {"image": "upoloads/image/d440a7e5-a9b7-4e23-880b-227462461fa7.png", "title": "Notre solution d'intelligence artificielle Geoxy", "subtitle": null, "url": null, "date_create": "2020-01-21T09:31:06.269Z", "date_update": "2020-01-21T09:31:06.270Z", "gallery": 60, "order": 1}}, {"model": "AgentManager.slider", "pk": 74, "fields": {"image": "upoloads/image/feb798e9-4319-46f8-825a-8a4141c22eb5.png", "title": "Notre solution d'intelligence artificielle Magixy", "subtitle": "La qualit\u00e9 du service client conditionne l\u2019image d\u2019une entreprise et sa capacit\u00e9", "url": "http://www.solixy.com/", "date_create": "2020-01-21T09:34:52.056Z", "date_update": "2020-01-21T09:34:52.057Z", "gallery": 62, "order": 1}}, {"model": "AgentManager.slider", "pk": 75, "fields": {"image": "upoloads/image/785e1fac-f73d-4bba-87ff-334e0879f955.png", "title": "Notre solution d'intelligence artificielle Ritabot", "subtitle": "Un agent conversationnel bas\u00e9 sur les technique de NLP (Natural Language Process", "url": "http://www.solixy.com/", "date_create": "2020-01-21T09:34:52.201Z", "date_update": "2020-01-21T09:34:52.203Z", "gallery": 62, "order": 2}}, {"model": "AgentManager.slider", "pk": 76, "fields": {"image": "upoloads/image/c1d591fe-8d95-48aa-a81e-b5e4ac7fa898.png", "title": "Notre solution d'intelligence artificielle Geoxy", "subtitle": null, "url": null, "date_create": "2020-01-21T09:34:52.352Z", "date_update": "2020-01-21T09:34:52.353Z", "gallery": 63, "order": 1}}, {"model": "AgentManager.slider", "pk": 77, "fields": {"image": "upoloads/image/05ad26e7-f0b9-4ab9-aaf1-8fd50ab9d5e4.png", "title": "d", "subtitle": "d", "url": "d", "date_create": "2020-01-21T09:35:41.572Z", "date_update": "2020-01-21T09:35:41.573Z", "gallery": 64, "order": 1}}, {"model": "AgentManager.slider", "pk": 78, "fields": {"image": "upoloads/image/02249b66-2a4b-4e97-8f01-d6260450d155.png", "title": "Notre solution d'intelligence artificielle Magixy", "subtitle": "La qualit\u00e9 du service client conditionne l\u2019image d\u2019une entreprise et sa capacit\u00e9", "url": "http://www.solixy.com/", "date_create": "2020-01-21T09:41:34.088Z", "date_update": "2020-01-21T09:41:34.089Z", "gallery": 65, "order": 1}}, {"model": "AgentManager.slider", "pk": 79, "fields": {"image": "upoloads/image/f1210157-7fbf-4247-816b-28015f56890e.png", "title": "Notre solution d'intelligence artificielle Ritabot", "subtitle": "Un agent conversationnel bas\u00e9 sur les technique de NLP (Natural Language Process", "url": "http://www.solixy.com/", "date_create": "2020-01-21T09:41:34.243Z", "date_update": "2020-01-21T09:41:34.244Z", "gallery": 65, "order": 2}}, {"model": "AgentManager.slider", "pk": 80, "fields": {"image": "upoloads/image/67e17d1b-57a9-4eb3-92a1-c89ae22f66aa.png", "title": "aedze", "subtitle": "dzdcdfzecfze", "url": "refzerfze", "date_create": "2020-01-21T09:42:55.373Z", "date_update": "2020-01-21T09:42:55.374Z", "gallery": 68, "order": 1}}, {"model": "AgentManager.slider", "pk": 81, "fields": {"image": "upoloads/image/9d0b37df-9f6b-432f-93c7-b2fe0abadb7f.png", "title": "Notre solution d'intelligence artificielle Magixy", "subtitle": "La qualit\u00e9 du service client conditionne l\u2019image d\u2019une entreprise et sa capacit\u00e9", "url": "http://www.solixy.com/", "date_create": "2020-01-21T09:44:34.164Z", "date_update": "2020-01-21T09:44:34.165Z", "gallery": 69, "order": 1}}, {"model": "AgentManager.slider", "pk": 82, "fields": {"image": "upoloads/image/1ad95126-9940-4c78-9f94-20e090fd5518.png", "title": "Notre solution d'intelligence artificielle Ritabot", "subtitle": "Un agent conversationnel bas\u00e9 sur les technique de NLP (Natural Language Process", "url": "http://www.solixy.com/", "date_create": "2020-01-21T09:44:34.340Z", "date_update": "2020-01-21T09:44:34.341Z", "gallery": 69, "order": 2}}, {"model": "AgentManager.slider", "pk": 83, "fields": {"image": "upoloads/image/9cb5c29e-0206-47ca-b645-bd7abc6822ee.png", "title": "Notre solution d'intelligence artificielle Geoxy", "subtitle": null, "url": null, "date_create": "2020-01-21T09:44:34.500Z", "date_update": "2020-01-21T09:44:34.501Z", "gallery": 70, "order": 1}}, {"model": "AgentManager.slider", "pk": 84, "fields": {"image": "upoloads/image/8b385aaf-0c82-4941-bcbc-c222c84bc94d.png", "title": "vv", "subtitle": "vv", "url": "http://localhost:4200/agentmanagement/118/intentCreate/118", "date_create": "2020-01-21T09:46:56.534Z", "date_update": "2020-01-21T09:46:56.535Z", "gallery": 71, "order": 1}}, {"model": "AgentManager.slider", "pk": 85, "fields": {"image": "upoloads/image/b06ff621-4eb9-48b5-ac55-51a851a3117e.png", "title": "e", "subtitle": "e", "url": "http://localhost:4200/agentmanagement/118/intentCreate/118", "date_create": "2020-01-21T10:27:36.276Z", "date_update": "2020-01-21T10:27:36.277Z", "gallery": 72, "order": 1}}, {"model": "AgentManager.slider", "pk": 86, "fields": {"image": "upoloads/image/a4288683-08db-4508-852a-d8d177398974.png", "title": "Notre solution d'intelligence artificielle Magixy", "subtitle": "La qualit\u00e9 du service client conditionne l\u2019image d\u2019une entreprise et sa capacit\u00e9", "url": "http://www.solixy.com/", "date_create": "2020-01-21T15:31:58.372Z", "date_update": "2020-01-21T15:31:58.374Z", "gallery": 73, "order": 1}}, {"model": "AgentManager.slider", "pk": 87, "fields": {"image": "upoloads/image/97547307-7f88-4f2a-918d-5d9dff04c609.png", "title": "Notre solution d'intelligence artificielle Ritabot", "subtitle": "Un agent conversationnel bas\u00e9 sur les technique de NLP (Natural Language Process", "url": "http://www.solixy.com/", "date_create": "2020-01-21T15:31:58.545Z", "date_update": "2020-01-21T15:31:58.546Z", "gallery": 73, "order": 2}}, {"model": "AgentManager.slider", "pk": 88, "fields": {"image": "upoloads/image/a9946d58-e12a-40db-8914-6e9f9a04d225.png", "title": "Notre solution d'intelligence artificielle Geoxy", "subtitle": null, "url": null, "date_create": "2020-01-21T15:31:58.704Z", "date_update": "2020-01-21T15:31:58.705Z", "gallery": 74, "order": 1}}, {"model": "AgentManager.slider", "pk": 89, "fields": {"image": "upoloads/image/2b0616f8-1f2e-4c1a-b978-7d23514ccd9a.png", "title": "tze", "subtitle": "test", "url": "https://stackblitz.com/angular/mjygopomxvq?file=src%2Fapp%2Fchips-autocomplete-example.ts", "date_create": "2020-01-21T15:57:40.774Z", "date_update": "2020-01-21T15:57:40.775Z", "gallery": 75, "order": 1}}, {"model": "AgentManager.slider", "pk": 90, "fields": {"image": "upoloads/image/fe005935-72b1-4625-b3fd-52de4fb5b814.png", "title": "Notre solution d'intelligence artificielle Magixy", "subtitle": "La qualit\u00e9 du service client conditionne l\u2019image d\u2019une entreprise et sa capacit\u00e9", "url": "http://www.solixy.com/", "date_create": "2020-01-31T12:17:44.998Z", "date_update": "2020-01-31T12:17:45.000Z", "gallery": 76, "order": 1}}, {"model": "AgentManager.slider", "pk": 91, "fields": {"image": "upoloads/image/eee65066-2aa2-4138-82c4-1764a69a35a9.png", "title": "Notre solution d'intelligence artificielle Ritabot", "subtitle": "Un agent conversationnel bas\u00e9 sur les technique de NLP (Natural Language Process", "url": "http://www.solixy.com/", "date_create": "2020-01-31T12:17:45.087Z", "date_update": "2020-01-31T12:17:45.088Z", "gallery": 76, "order": 2}}, {"model": "AgentManager.slider", "pk": 92, "fields": {"image": "upoloads/image/99a88247-bd55-450e-b17b-3e8e2cc7470e.png", "title": "Notre solution d'intelligence artificielle Geoxy", "subtitle": null, "url": null, "date_create": "2020-01-31T12:17:45.266Z", "date_update": "2020-01-31T12:17:45.267Z", "gallery": 77, "order": 1}}, {"model": "AgentManager.slider", "pk": 96, "fields": {"image": "upoloads/image/c323899e-7203-4625-a1eb-8c9b586620cd.png", "title": "Notre solution d'intelligence artificielle Magixy1 4", "subtitle": "La qualit\u00e9 du service client conditionne l\u2019image d\u2019une entreprise et sa capacit\u00e9", "url": "http://www.solixy.com/", "date_create": "2020-02-03T11:55:26.424Z", "date_update": "2020-02-03T12:26:17.532Z", "gallery": 81, "order": 1}}, {"model": "AgentManager.slider", "pk": 97, "fields": {"image": "upoloads/image/58fffbe5-132d-4646-9bbd-4cadc9ede03c.png", "title": "Notre solution d'intelligence artificielle Ritabot", "subtitle": "Un agent conversationnel bas\u00e9 sur les technique de NLP (Natural Language Process", "url": "http://www.solixy.com/", "date_create": "2020-02-03T11:55:26.519Z", "date_update": "2020-02-03T12:26:17.627Z", "gallery": 81, "order": 2}}, {"model": "AgentManager.slider", "pk": 98, "fields": {"image": "upoloads/image/7efa3cb0-941b-4e3c-9388-a43a028873b4.png", "title": "Notre solution d'intelligence artificielle Geoxy", "subtitle": null, "url": null, "date_create": "2020-02-03T11:55:26.689Z", "date_update": "2020-02-03T12:26:17.797Z", "gallery": 82, "order": 1}}, {"model": "AgentManager.quickreply", "pk": 7, "fields": {"name": "text before quick reply", "date_create": "2019-12-17T14:50:46.852Z", "date_update": "2019-12-17T14:50:46.852Z", "mixed_response": 14, "order": 1}}, {"model": "AgentManager.quickreply", "pk": 8, "fields": {"name": "text before quick reply 2", "date_create": "2019-12-17T14:50:47.118Z", "date_update": "2019-12-17T14:50:47.118Z", "mixed_response": 14, "order": 2}}, {"model": "AgentManager.quickreply", "pk": 9, "fields": {"name": "text before quick reply", "date_create": "2019-12-17T14:53:35.714Z", "date_update": "2019-12-17T14:53:35.715Z", "mixed_response": 15, "order": 1}}, {"model": "AgentManager.quickreply", "pk": 10, "fields": {"name": "text before quick reply 2", "date_create": "2019-12-17T14:53:35.991Z", "date_update": "2019-12-17T14:53:35.991Z", "mixed_response": 15, "order": 2}}, {"model": "AgentManager.quickreply", "pk": 11, "fields": {"name": "text before quick reply", "date_create": "2020-01-09T14:34:16.250Z", "date_update": "2020-01-09T14:34:16.250Z", "mixed_response": 19, "order": 1}}, {"model": "AgentManager.quickreply", "pk": 12, "fields": {"name": "text before quick reply 2", "date_create": "2020-01-09T14:34:16.491Z", "date_update": "2020-01-09T14:34:16.492Z", "mixed_response": 19, "order": 2}}, {"model": "AgentManager.quickreply", "pk": 13, "fields": {"name": "text before quick reply", "date_create": "2020-01-09T14:34:19.217Z", "date_update": "2020-01-09T14:34:19.217Z", "mixed_response": 20, "order": 1}}, {"model": "AgentManager.quickreply", "pk": 14, "fields": {"name": "text before quick reply 2", "date_create": "2020-01-09T14:34:19.505Z", "date_update": "2020-01-09T14:34:19.505Z", "mixed_response": 20, "order": 2}}, {"model": "AgentManager.quickreply", "pk": 15, "fields": {"name": "text before quick reply", "date_create": "2020-01-09T14:35:18.549Z", "date_update": "2020-01-09T14:35:18.549Z", "mixed_response": 23, "order": 1}}, {"model": "AgentManager.quickreply", "pk": 16, "fields": {"name": "text before quick reply 2", "date_create": "2020-01-09T14:35:18.782Z", "date_update": "2020-01-09T14:35:18.783Z", "mixed_response": 23, "order": 2}}, {"model": "AgentManager.quickreply", "pk": 17, "fields": {"name": "text before quick reply", "date_create": "2020-01-09T14:35:21.504Z", "date_update": "2020-01-09T14:35:21.505Z", "mixed_response": 24, "order": 1}}, {"model": "AgentManager.quickreply", "pk": 18, "fields": {"name": "text before quick reply 2", "date_create": "2020-01-09T14:35:21.772Z", "date_update": "2020-01-09T14:35:21.773Z", "mixed_response": 24, "order": 2}}, {"model": "AgentManager.quickreply", "pk": 19, "fields": {"name": "text before quick reply", "date_create": "2020-01-09T14:37:42.103Z", "date_update": "2020-01-09T14:37:42.104Z", "mixed_response": 27, "order": 1}}, {"model": "AgentManager.quickreply", "pk": 20, "fields": {"name": "text before quick reply 2", "date_create": "2020-01-09T14:37:42.701Z", "date_update": "2020-01-09T14:37:42.701Z", "mixed_response": 27, "order": 2}}, {"model": "AgentManager.quickreply", "pk": 21, "fields": {"name": "text before quick reply", "date_create": "2020-01-09T14:37:45.279Z", "date_update": "2020-01-09T14:37:45.280Z", "mixed_response": 28, "order": 1}}, {"model": "AgentManager.quickreply", "pk": 22, "fields": {"name": "text before quick reply 2", "date_create": "2020-01-09T14:37:45.568Z", "date_update": "2020-01-09T14:37:45.568Z", "mixed_response": 28, "order": 2}}, {"model": "AgentManager.quickreply", "pk": 141, "fields": {"name": "Ceci est un text de la r\u00e9ponse rapide 1.", "date_create": "2020-01-21T09:22:44.714Z", "date_update": "2020-01-21T09:22:44.714Z", "mixed_response": 143, "order": 1}}, {"model": "AgentManager.quickreply", "pk": 142, "fields": {"name": "Ceci est un text de la r\u00e9ponse rapide 2.", "date_create": "2020-01-21T09:22:44.899Z", "date_update": "2020-01-21T09:22:44.899Z", "mixed_response": 143, "order": 3}}, {"model": "AgentManager.quickreply", "pk": 145, "fields": {"name": "Ceci est un text de la r\u00e9ponse rapide 1.", "date_create": "2020-01-21T09:27:06.329Z", "date_update": "2020-01-21T09:27:06.329Z", "mixed_response": 145, "order": 1}}, {"model": "AgentManager.quickreply", "pk": 146, "fields": {"name": "Ceci est un text de la r\u00e9ponse rapide 2.", "date_create": "2020-01-21T09:27:06.541Z", "date_update": "2020-01-21T09:27:06.542Z", "mixed_response": 145, "order": 3}}, {"model": "AgentManager.quickreply", "pk": 147, "fields": {"name": "Ceci est un text de la r\u00e9ponse rapide 1.", "date_create": "2020-01-21T09:27:46.592Z", "date_update": "2020-01-21T09:27:46.593Z", "mixed_response": 146, "order": 1}}, {"model": "AgentManager.quickreply", "pk": 148, "fields": {"name": "Ceci est un text de la r\u00e9ponse rapide 2.", "date_create": "2020-01-21T09:27:46.792Z", "date_update": "2020-01-21T09:27:46.792Z", "mixed_response": 146, "order": 3}}, {"model": "AgentManager.quickreply", "pk": 149, "fields": {"name": "Ceci est un text de la r\u00e9ponse rapide 1.", "date_create": "2020-01-21T09:31:05.046Z", "date_update": "2020-01-21T09:31:05.046Z", "mixed_response": 147, "order": 1}}, {"model": "AgentManager.quickreply", "pk": 150, "fields": {"name": "Ceci est un text de la r\u00e9ponse rapide 2.", "date_create": "2020-01-21T09:31:05.281Z", "date_update": "2020-01-21T09:31:05.281Z", "mixed_response": 147, "order": 3}}, {"model": "AgentManager.quickreply", "pk": 153, "fields": {"name": "Ceci est un text de la r\u00e9ponse rapide 1.", "date_create": "2020-01-21T09:34:51.217Z", "date_update": "2020-01-21T09:34:51.218Z", "mixed_response": 149, "order": 1}}, {"model": "AgentManager.quickreply", "pk": 154, "fields": {"name": "Ceci est un text de la r\u00e9ponse rapide 2.", "date_create": "2020-01-21T09:34:51.443Z", "date_update": "2020-01-21T09:34:51.444Z", "mixed_response": 149, "order": 3}}, {"model": "AgentManager.quickreply", "pk": 155, "fields": {"name": "Ceci est un text de la r\u00e9ponse rapide 1.", "date_create": "2020-01-21T09:41:33.427Z", "date_update": "2020-01-21T09:41:33.427Z", "mixed_response": 151, "order": 1}}, {"model": "AgentManager.quickreply", "pk": 156, "fields": {"name": "Ceci est un text de la r\u00e9ponse rapide 2.", "date_create": "2020-01-21T09:41:33.589Z", "date_update": "2020-01-21T09:41:33.590Z", "mixed_response": 151, "order": 3}}, {"model": "AgentManager.quickreply", "pk": 157, "fields": {"name": "Ceci est un text de la r\u00e9ponse rapide 1.", "date_create": "2020-01-21T09:44:33.390Z", "date_update": "2020-01-21T09:44:33.390Z", "mixed_response": 154, "order": 1}}, {"model": "AgentManager.quickreply", "pk": 158, "fields": {"name": "Ceci est un text de la r\u00e9ponse rapide 2.", "date_create": "2020-01-21T09:44:33.577Z", "date_update": "2020-01-21T09:44:33.578Z", "mixed_response": 154, "order": 3}}, {"model": "AgentManager.quickreply", "pk": 159, "fields": {"name": "Ceci est un text de la r\u00e9ponse rapide 1.", "date_create": "2020-01-21T15:31:57.517Z", "date_update": "2020-01-21T15:31:57.517Z", "mixed_response": 158, "order": 1}}, {"model": "AgentManager.quickreply", "pk": 160, "fields": {"name": "Ceci est un text de la r\u00e9ponse rapide 2.", "date_create": "2020-01-21T15:31:57.736Z", "date_update": "2020-01-21T15:31:57.737Z", "mixed_response": 158, "order": 3}}, {"model": "AgentManager.quickreply", "pk": 161, "fields": {"name": "test", "date_create": "2020-01-21T15:57:40.462Z", "date_update": "2020-01-21T15:57:40.462Z", "mixed_response": 159, "order": 2}}, {"model": "AgentManager.quickreply", "pk": 162, "fields": {"name": "Ceci est un text de la r\u00e9ponse rapide 1.", "date_create": "2020-01-30T13:36:26.162Z", "date_update": "2020-01-30T13:36:26.162Z", "mixed_response": 160, "order": 1}}, {"model": "AgentManager.quickreply", "pk": 163, "fields": {"name": "Ceci est un text de la r\u00e9ponse rapide 2.", "date_create": "2020-01-30T13:36:26.411Z", "date_update": "2020-01-30T13:36:26.411Z", "mixed_response": 160, "order": 3}}, {"model": "AgentManager.quickreply", "pk": 164, "fields": {"name": "Ceci est un text de la r\u00e9ponse rapide 1.", "date_create": "2020-01-31T12:17:44.557Z", "date_update": "2020-01-31T12:17:44.558Z", "mixed_response": 161, "order": 1}}, {"model": "AgentManager.quickreply", "pk": 165, "fields": {"name": "Ceci est un text de la r\u00e9ponse rapide 2.", "date_create": "2020-01-31T12:17:44.653Z", "date_update": "2020-01-31T12:17:44.654Z", "mixed_response": 161, "order": 3}}, {"model": "AgentManager.quickreply", "pk": 170, "fields": {"name": "Ceci est un text de la r\u00e9ponse rapide 4.", "date_create": "2020-02-03T11:55:25.458Z", "date_update": "2020-02-03T12:26:16.886Z", "mixed_response": 167, "order": 1}}, {"model": "AgentManager.quickreply", "pk": 171, "fields": {"name": "Ceci est un text de la r\u00e9ponse rapide 5.", "date_create": "2020-02-03T11:55:25.800Z", "date_update": "2020-02-03T12:26:17.097Z", "mixed_response": 167, "order": 3}}, {"model": "AgentManager.image", "pk": 1, "fields": {"image": "images/2019/12/13/t\u00e9l\u00e9chargement.png", "date_create": "2019-12-13T16:11:45.907Z", "date_update": "2019-12-13T16:11:45.909Z", "mixed_response": 4, "order": 1}}, {"model": "AgentManager.image", "pk": 2, "fields": {"image": "images/2019/12/13/t\u00e9l\u00e9chargement_qonrwrT.png", "date_create": "2019-12-13T16:23:02.981Z", "date_update": "2019-12-13T16:23:03.070Z", "mixed_response": 5, "order": 1}}, {"model": "AgentManager.image", "pk": 10, "fields": {"image": "images/2019/12/17/t\u00e9l\u00e9chargement_qonrwrT_zZpU70y.png", "date_create": "2019-12-17T09:54:59.305Z", "date_update": "2019-12-17T09:54:59.395Z", "mixed_response": 13, "order": 1}}, {"model": "AgentManager.image", "pk": 11, "fields": {"image": "images/2019/12/19/t\u00e9l\u00e9chargement_qonrwrT_zZpU70y.png", "date_create": "2019-12-19T15:57:37.483Z", "date_update": "2019-12-19T15:57:37.572Z", "mixed_response": 16, "order": 1}}, {"model": "AgentManager.image", "pk": 12, "fields": {"image": "images/2020/01/09/t\u00e9l\u00e9chargement.png", "date_create": "2020-01-09T14:34:12.385Z", "date_update": "2020-01-09T14:34:12.494Z", "mixed_response": 17, "order": 1}}, {"model": "AgentManager.image", "pk": 13, "fields": {"image": "images/2020/01/09/t\u00e9l\u00e9chargement_qonrwrT.png", "date_create": "2020-01-09T14:34:13.969Z", "date_update": "2020-01-09T14:34:14.069Z", "mixed_response": 18, "order": 1}}, {"model": "AgentManager.image", "pk": 14, "fields": {"image": "images/2020/01/09/t\u00e9l\u00e9chargement_0mpF0Up.png", "date_create": "2020-01-09T14:35:14.930Z", "date_update": "2020-01-09T14:35:15.008Z", "mixed_response": 21, "order": 1}}, {"model": "AgentManager.image", "pk": 15, "fields": {"image": "images/2020/01/09/t\u00e9l\u00e9chargement_qonrwrT_xGhgsHl.png", "date_create": "2020-01-09T14:35:16.179Z", "date_update": "2020-01-09T14:35:16.257Z", "mixed_response": 22, "order": 1}}, {"model": "AgentManager.image", "pk": 16, "fields": {"image": "images/2020/01/09/t\u00e9l\u00e9chargement_SNpaWHj.png", "date_create": "2020-01-09T14:37:38.848Z", "date_update": "2020-01-09T14:37:38.915Z", "mixed_response": 25, "order": 1}}, {"model": "AgentManager.image", "pk": 17, "fields": {"image": "images/2020/01/09/t\u00e9l\u00e9chargement_qonrwrT_GesTOM0.png", "date_create": "2020-01-09T14:37:40.011Z", "date_update": "2020-01-09T14:37:40.122Z", "mixed_response": 26, "order": 1}}, {"model": "AgentManager.image", "pk": 205, "fields": {"image": "upoloads/image/e5511662-c5a7-4955-a971-3c053a667793.png", "date_create": "2020-01-21T09:22:44.587Z", "date_update": "2020-01-21T09:22:44.588Z", "mixed_response": 143, "order": 1}}, {"model": "AgentManager.image", "pk": 206, "fields": {"image": "upoloads/image/d8beab78-257c-41d8-9148-ff06293a076b.png", "date_create": "2020-01-21T09:22:44.653Z", "date_update": "2020-01-21T09:22:44.654Z", "mixed_response": 143, "order": 2}}, {"model": "AgentManager.image", "pk": 209, "fields": {"image": "upoloads/image/9485bf50-f89b-4926-9981-5c3455441870.png", "date_create": "2020-01-21T09:27:06.214Z", "date_update": "2020-01-21T09:27:06.215Z", "mixed_response": 145, "order": 1}}, {"model": "AgentManager.image", "pk": 210, "fields": {"image": "upoloads/image/364b4c4b-8215-49f7-b897-a6a687b3ad07.png", "date_create": "2020-01-21T09:27:06.269Z", "date_update": "2020-01-21T09:27:06.270Z", "mixed_response": 145, "order": 2}}, {"model": "AgentManager.image", "pk": 211, "fields": {"image": "upoloads/image/049a800d-77e0-44a6-adc0-30bf3e297059.png", "date_create": "2020-01-21T09:27:46.476Z", "date_update": "2020-01-21T09:27:46.477Z", "mixed_response": 146, "order": 1}}, {"model": "AgentManager.image", "pk": 212, "fields": {"image": "upoloads/image/8d8b9a2c-c210-46ed-9898-1b23759a1b31.png", "date_create": "2020-01-21T09:27:46.532Z", "date_update": "2020-01-21T09:27:46.533Z", "mixed_response": 146, "order": 2}}, {"model": "AgentManager.image", "pk": 213, "fields": {"image": "upoloads/image/35b63a0c-c406-4e58-b466-f044c91a8a24.png", "date_create": "2020-01-21T09:31:04.931Z", "date_update": "2020-01-21T09:31:04.932Z", "mixed_response": 147, "order": 1}}, {"model": "AgentManager.image", "pk": 214, "fields": {"image": "upoloads/image/8fba8dd2-e91e-492d-983d-a4e707378729.png", "date_create": "2020-01-21T09:31:04.987Z", "date_update": "2020-01-21T09:31:04.988Z", "mixed_response": 147, "order": 2}}, {"model": "AgentManager.image", "pk": 217, "fields": {"image": "upoloads/image/9eb4b9b7-d66a-4e35-9927-ac249bd986f4.png", "date_create": "2020-01-21T09:34:51.083Z", "date_update": "2020-01-21T09:34:51.084Z", "mixed_response": 149, "order": 1}}, {"model": "AgentManager.image", "pk": 218, "fields": {"image": "upoloads/image/02e8d2a1-75f5-4a86-a15a-fa41eb30ddd4.png", "date_create": "2020-01-21T09:34:51.147Z", "date_update": "2020-01-21T09:34:51.149Z", "mixed_response": 149, "order": 2}}, {"model": "AgentManager.image", "pk": 219, "fields": {"image": "upoloads/image/191a56b3-5c0b-460f-9abd-747ada6089fb.png", "date_create": "2020-01-21T09:41:33.312Z", "date_update": "2020-01-21T09:41:33.314Z", "mixed_response": 151, "order": 1}}, {"model": "AgentManager.image", "pk": 220, "fields": {"image": "upoloads/image/de2f658e-f464-4ca4-9947-99340b4d8329.png", "date_create": "2020-01-21T09:41:33.368Z", "date_update": "2020-01-21T09:41:33.369Z", "mixed_response": 151, "order": 2}}, {"model": "AgentManager.image", "pk": 221, "fields": {"image": "upoloads/image/33383db3-81da-46d7-a81f-110485fe44c0.png", "date_create": "2020-01-21T09:44:33.266Z", "date_update": "2020-01-21T09:44:33.267Z", "mixed_response": 154, "order": 1}}, {"model": "AgentManager.image", "pk": 222, "fields": {"image": "upoloads/image/d4b9f4b3-b26c-4847-a832-6646bd2aa166.png", "date_create": "2020-01-21T09:44:33.322Z", "date_update": "2020-01-21T09:44:33.323Z", "mixed_response": 154, "order": 2}}, {"model": "AgentManager.image", "pk": 223, "fields": {"image": "upoloads/image/5af32ef3-559c-4940-a1af-621c88692c3b.png", "date_create": "2020-01-21T10:27:36.099Z", "date_update": "2020-01-21T10:27:36.101Z", "mixed_response": 156, "order": 1}}, {"model": "AgentManager.image", "pk": 224, "fields": {"image": "upoloads/image/7184ebf6-9d72-438e-aca6-8efffdf8b053.png", "date_create": "2020-01-21T15:31:57.359Z", "date_update": "2020-01-21T15:31:57.361Z", "mixed_response": 158, "order": 1}}, {"model": "AgentManager.image", "pk": 225, "fields": {"image": "upoloads/image/b3cf359f-4ad3-4fac-8f64-d4e8b195caa8.png", "date_create": "2020-01-21T15:31:57.437Z", "date_update": "2020-01-21T15:31:57.438Z", "mixed_response": 158, "order": 2}}, {"model": "AgentManager.image", "pk": 226, "fields": {"image": "upoloads/image/ea708d66-f8c9-4ce1-8d96-eb86ed6a3fc5.png", "date_create": "2020-01-30T13:36:26.003Z", "date_update": "2020-01-30T13:36:26.004Z", "mixed_response": 160, "order": 1}}, {"model": "AgentManager.image", "pk": 227, "fields": {"image": "upoloads/image/d1d71357-8cae-4b2c-95b0-789a75bb6621.png", "date_create": "2020-01-30T13:36:26.070Z", "date_update": "2020-01-30T13:36:26.071Z", "mixed_response": 160, "order": 2}}, {"model": "AgentManager.image", "pk": 228, "fields": {"image": "upoloads/image/0acc7522-5119-4479-900a-57a57b473352.png", "date_create": "2020-01-31T12:17:44.321Z", "date_update": "2020-01-31T12:17:44.379Z", "mixed_response": 161, "order": 1}}, {"model": "AgentManager.image", "pk": 229, "fields": {"image": "upoloads/image/c83528db-e19c-44e3-9cf7-b0ad326a2fd1.png", "date_create": "2020-01-31T12:17:44.465Z", "date_update": "2020-01-31T12:17:44.466Z", "mixed_response": 161, "order": 2}}, {"model": "AgentManager.image", "pk": 240, "fields": {"image": "upoloads/image/c4d30647-80a7-40e5-a587-deb3e6091794.png", "date_create": "2020-02-03T11:55:25.378Z", "date_update": "2020-02-03T12:26:16.833Z", "mixed_response": 167, "order": 65}}, {"model": "AgentManager.button", "pk": 34, "fields": {"name": "solixy", "url": "http://localhost:8000/intents/", "payload": null, "slider": null, "quick_reply": null, "text_response": 10, "date_create": "2019-12-10T16:54:29.655Z", "date_update": "2019-12-10T16:54:29.655Z", "order": 1}}, {"model": "AgentManager.button", "pk": 35, "fields": {"name": "solixy 2", "url": "http://localhost:8000/intents/", "payload": null, "slider": null, "quick_reply": null, "text_response": 10, "date_create": "2019-12-10T16:54:29.744Z", "date_update": "2019-12-10T16:54:29.745Z", "order": 2}}, {"model": "AgentManager.button", "pk": 36, "fields": {"name": "solixy 3", "url": "http://localhost:8000/intents/", "payload": null, "slider": null, "quick_reply": null, "text_response": 10, "date_create": "2019-12-10T16:54:29.832Z", "date_update": "2019-12-10T16:54:29.833Z", "order": 3}}, {"model": "AgentManager.button", "pk": 37, "fields": {"name": "solixy", "url": "http://localhost:8000/intents/", "payload": null, "slider": null, "quick_reply": null, "text_response": 11, "date_create": "2019-12-13T16:23:02.438Z", "date_update": "2019-12-13T16:41:50.991Z", "order": 1}}, {"model": "AgentManager.button", "pk": 38, "fields": {"name": "solixy 2", "url": "http://localhost:8000/intents/", "payload": null, "slider": null, "quick_reply": null, "text_response": 11, "date_create": "2019-12-13T16:23:02.538Z", "date_update": "2019-12-13T16:41:51.069Z", "order": 2}}, {"model": "AgentManager.button", "pk": 39, "fields": {"name": "solixy 3", "url": "http://localhost:8000/intents/", "payload": null, "slider": null, "quick_reply": null, "text_response": 11, "date_create": "2019-12-13T16:23:02.627Z", "date_update": "2019-12-13T16:41:51.158Z", "order": 3}}, {"model": "AgentManager.button", "pk": 61, "fields": {"name": "solixy", "url": "http://localhost:8000/intents/", "payload": null, "slider": null, "quick_reply": null, "text_response": 19, "date_create": "2019-12-17T09:54:58.784Z", "date_update": "2019-12-17T09:54:58.785Z", "order": 1}}, {"model": "AgentManager.button", "pk": 62, "fields": {"name": "solixy 2", "url": "http://localhost:8000/intents/", "payload": null, "slider": null, "quick_reply": null, "text_response": 19, "date_create": "2019-12-17T09:54:58.873Z", "date_update": "2019-12-17T09:54:58.874Z", "order": 2}}, {"model": "AgentManager.button", "pk": 63, "fields": {"name": "solixy 3", "url": "http://localhost:8000/intents/", "payload": null, "slider": null, "quick_reply": null, "text_response": 19, "date_create": "2019-12-17T09:54:58.951Z", "date_update": "2019-12-17T09:54:58.952Z", "order": 3}}, {"model": "AgentManager.button", "pk": 64, "fields": {"name": "solixy", "url": "http://localhost:8000/intents/", "payload": null, "slider": null, "quick_reply": null, "text_response": 20, "date_create": "2019-12-17T14:50:46.409Z", "date_update": "2019-12-17T14:50:46.409Z", "order": 1}}, {"model": "AgentManager.button", "pk": 65, "fields": {"name": "solixy 2", "url": "http://localhost:8000/intents/", "payload": null, "slider": null, "quick_reply": null, "text_response": 20, "date_create": "2019-12-17T14:50:46.498Z", "date_update": "2019-12-17T14:50:46.498Z", "order": 2}}, {"model": "AgentManager.button", "pk": 66, "fields": {"name": "solixy 3", "url": "http://localhost:8000/intents/", "payload": null, "slider": null, "quick_reply": null, "text_response": 20, "date_create": "2019-12-17T14:50:46.586Z", "date_update": "2019-12-17T14:50:46.587Z", "order": 3}}, {"model": "AgentManager.button", "pk": 67, "fields": {"name": "quick 1", "url": null, "payload": "quick 1", "slider": null, "quick_reply": 7, "text_response": null, "date_create": "2019-12-17T14:50:46.940Z", "date_update": "2019-12-17T14:50:46.941Z", "order": 1}}, {"model": "AgentManager.button", "pk": 68, "fields": {"name": "quick 2", "url": null, "payload": "quick 2", "slider": null, "quick_reply": 7, "text_response": null, "date_create": "2019-12-17T14:50:47.029Z", "date_update": "2019-12-17T14:50:47.030Z", "order": 2}}, {"model": "AgentManager.button", "pk": 69, "fields": {"name": "quick 3", "url": null, "payload": "quick 3", "slider": null, "quick_reply": 8, "text_response": null, "date_create": "2019-12-17T14:50:47.206Z", "date_update": "2019-12-17T14:50:47.207Z", "order": 1}}, {"model": "AgentManager.button", "pk": 70, "fields": {"name": "quick 3", "url": null, "payload": "quick 3", "slider": null, "quick_reply": 8, "text_response": null, "date_create": "2019-12-17T14:50:47.284Z", "date_update": "2019-12-17T14:50:47.284Z", "order": 2}}, {"model": "AgentManager.button", "pk": 71, "fields": {"name": "sol", "url": "http://localhost:8000/intents/", "payload": null, "slider": 20, "quick_reply": null, "text_response": null, "date_create": "2019-12-17T14:50:47.516Z", "date_update": "2019-12-17T14:50:47.517Z", "order": 1}}, {"model": "AgentManager.button", "pk": 72, "fields": {"name": "sol 2", "url": "http://localhost:8000/intents/", "payload": null, "slider": 20, "quick_reply": null, "text_response": null, "date_create": "2019-12-17T14:50:47.594Z", "date_update": "2019-12-17T14:50:47.594Z", "order": 2}}, {"model": "AgentManager.button", "pk": 73, "fields": {"name": "BTN 1", "url": "http://localhost:8000/admin/Agent/button/add/", "payload": null, "slider": 22, "quick_reply": null, "text_response": null, "date_create": "2019-12-17T14:50:47.903Z", "date_update": "2019-12-17T14:50:47.904Z", "order": 1}}, {"model": "AgentManager.button", "pk": 74, "fields": {"name": "BTN 2", "url": "http://localhost:8000/admin/Agent/button/add/", "payload": null, "slider": 22, "quick_reply": null, "text_response": null, "date_create": "2019-12-17T14:50:47.992Z", "date_update": "2019-12-17T14:50:47.992Z", "order": 1}}, {"model": "AgentManager.button", "pk": 75, "fields": {"name": "solixy", "url": "http://localhost:8000/intents/", "payload": null, "slider": null, "quick_reply": null, "text_response": 23, "date_create": "2019-12-17T14:53:35.227Z", "date_update": "2019-12-17T14:53:35.227Z", "order": 1}}, {"model": "AgentManager.button", "pk": 76, "fields": {"name": "solixy 2", "url": "http://localhost:8000/intents/", "payload": null, "slider": null, "quick_reply": null, "text_response": 23, "date_create": "2019-12-17T14:53:35.317Z", "date_update": "2019-12-17T14:53:35.317Z", "order": 2}}, {"model": "AgentManager.button", "pk": 77, "fields": {"name": "solixy 3", "url": "http://localhost:8000/intents/", "payload": null, "slider": null, "quick_reply": null, "text_response": 23, "date_create": "2019-12-17T14:53:35.415Z", "date_update": "2019-12-17T14:53:35.416Z", "order": 3}}, {"model": "AgentManager.button", "pk": 78, "fields": {"name": "quick 1", "url": null, "payload": "quick 1", "slider": null, "quick_reply": 9, "text_response": null, "date_create": "2019-12-17T14:53:35.814Z", "date_update": "2019-12-17T14:53:35.814Z", "order": 1}}, {"model": "AgentManager.button", "pk": 79, "fields": {"name": "quick 2", "url": null, "payload": "quick 2", "slider": null, "quick_reply": 9, "text_response": null, "date_create": "2019-12-17T14:53:35.903Z", "date_update": "2019-12-17T14:53:35.903Z", "order": 2}}, {"model": "AgentManager.button", "pk": 80, "fields": {"name": "quick 3", "url": null, "payload": "quick 3", "slider": null, "quick_reply": 10, "text_response": null, "date_create": "2019-12-17T14:53:36.079Z", "date_update": "2019-12-17T14:53:36.080Z", "order": 1}}, {"model": "AgentManager.button", "pk": 81, "fields": {"name": "quick 3", "url": null, "payload": "quick 3", "slider": null, "quick_reply": 10, "text_response": null, "date_create": "2019-12-17T14:53:36.169Z", "date_update": "2019-12-17T14:53:36.169Z", "order": 2}}, {"model": "AgentManager.button", "pk": 82, "fields": {"name": "sol", "url": "http://localhost:8000/intents/", "payload": null, "slider": 23, "quick_reply": null, "text_response": null, "date_create": "2019-12-17T14:53:36.434Z", "date_update": "2019-12-17T14:53:36.435Z", "order": 1}}, {"model": "AgentManager.button", "pk": 83, "fields": {"name": "sol 2", "url": "http://localhost:8000/intents/", "payload": null, "slider": 23, "quick_reply": null, "text_response": null, "date_create": "2019-12-17T14:53:36.523Z", "date_update": "2019-12-17T14:53:36.523Z", "order": 2}}, {"model": "AgentManager.button", "pk": 84, "fields": {"name": "BTN 1", "url": "http://localhost:8000/admin/Agent/button/add/", "payload": null, "slider": 25, "quick_reply": null, "text_response": null, "date_create": "2019-12-17T14:53:37.021Z", "date_update": "2019-12-17T14:53:37.021Z", "order": 1}}, {"model": "AgentManager.button", "pk": 85, "fields": {"name": "BTN 2", "url": "http://localhost:8000/admin/Agent/button/add/", "payload": null, "slider": 25, "quick_reply": null, "text_response": null, "date_create": "2019-12-17T14:53:37.110Z", "date_update": "2019-12-17T14:53:37.110Z", "order": 1}}, {"model": "AgentManager.button", "pk": 86, "fields": {"name": "solixy", "url": "http://localhost:8000/intents/", "payload": null, "slider": null, "quick_reply": null, "text_response": 26, "date_create": "2019-12-19T15:57:36.863Z", "date_update": "2019-12-19T15:57:36.863Z", "order": 1}}, {"model": "AgentManager.button", "pk": 87, "fields": {"name": "solixy 2", "url": "http://localhost:8000/intents/", "payload": null, "slider": null, "quick_reply": null, "text_response": 26, "date_create": "2019-12-19T15:57:36.985Z", "date_update": "2019-12-19T15:57:36.986Z", "order": 2}}, {"model": "AgentManager.button", "pk": 88, "fields": {"name": "solixy 3", "url": "http://localhost:8000/intents/", "payload": null, "slider": null, "quick_reply": null, "text_response": 26, "date_create": "2019-12-19T15:57:37.107Z", "date_update": "2019-12-19T15:57:37.107Z", "order": 3}}, {"model": "AgentManager.button", "pk": 89, "fields": {"name": "solixy", "url": "http://localhost:8000/intents/", "payload": null, "slider": null, "quick_reply": null, "text_response": 27, "date_create": "2020-01-09T14:34:11.853Z", "date_update": "2020-01-09T14:34:11.854Z", "order": 1}}, {"model": "AgentManager.button", "pk": 90, "fields": {"name": "solixy 2", "url": "http://localhost:8000/intents/", "payload": null, "slider": null, "quick_reply": null, "text_response": 27, "date_create": "2020-01-09T14:34:11.932Z", "date_update": "2020-01-09T14:34:11.932Z", "order": 2}}, {"model": "AgentManager.button", "pk": 91, "fields": {"name": "solixy 3", "url": "http://localhost:8000/intents/", "payload": null, "slider": null, "quick_reply": null, "text_response": 27, "date_create": "2020-01-09T14:34:12.009Z", "date_update": "2020-01-09T14:34:12.010Z", "order": 3}}, {"model": "AgentManager.button", "pk": 92, "fields": {"name": "solixy", "url": "http://localhost:8000/intents/", "payload": null, "slider": null, "quick_reply": null, "text_response": 28, "date_create": "2020-01-09T14:34:13.426Z", "date_update": "2020-01-09T14:34:13.427Z", "order": 1}}, {"model": "AgentManager.button", "pk": 93, "fields": {"name": "solixy 2", "url": "http://localhost:8000/intents/", "payload": null, "slider": null, "quick_reply": null, "text_response": 28, "date_create": "2020-01-09T14:34:13.515Z", "date_update": "2020-01-09T14:34:13.515Z", "order": 2}}, {"model": "AgentManager.button", "pk": 94, "fields": {"name": "solixy 3", "url": "http://localhost:8000/intents/", "payload": null, "slider": null, "quick_reply": null, "text_response": 28, "date_create": "2020-01-09T14:34:13.603Z", "date_update": "2020-01-09T14:34:13.604Z", "order": 3}}, {"model": "AgentManager.button", "pk": 95, "fields": {"name": "solixy", "url": "http://localhost:8000/intents/", "payload": null, "slider": null, "quick_reply": null, "text_response": 29, "date_create": "2020-01-09T14:34:15.286Z", "date_update": "2020-01-09T14:34:15.286Z", "order": 1}}, {"model": "AgentManager.button", "pk": 96, "fields": {"name": "solixy 2", "url": "http://localhost:8000/intents/", "payload": null, "slider": null, "quick_reply": null, "text_response": 29, "date_create": "2020-01-09T14:34:15.353Z", "date_update": "2020-01-09T14:34:15.353Z", "order": 2}}, {"model": "AgentManager.button", "pk": 97, "fields": {"name": "solixy 3", "url": "http://localhost:8000/intents/", "payload": null, "slider": null, "quick_reply": null, "text_response": 29, "date_create": "2020-01-09T14:34:15.419Z", "date_update": "2020-01-09T14:34:15.420Z", "order": 3}}, {"model": "AgentManager.button", "pk": 98, "fields": {"name": "sol", "url": "http://localhost:8000/intents/", "payload": null, "slider": 29, "quick_reply": null, "text_response": null, "date_create": "2020-01-09T14:34:15.773Z", "date_update": "2020-01-09T14:34:15.774Z", "order": 1}}, {"model": "AgentManager.button", "pk": 99, "fields": {"name": "sol 2", "url": "http://localhost:8000/intents/", "payload": null, "slider": 29, "quick_reply": null, "text_response": null, "date_create": "2020-01-09T14:34:15.840Z", "date_update": "2020-01-09T14:34:15.841Z", "order": 2}}, {"model": "AgentManager.button", "pk": 100, "fields": {"name": "BTN 1", "url": "http://localhost:8000/admin/Agent/button/add/", "payload": null, "slider": 31, "quick_reply": null, "text_response": null, "date_create": "2020-01-09T14:34:16.105Z", "date_update": "2020-01-09T14:34:16.106Z", "order": 1}}, {"model": "AgentManager.button", "pk": 101, "fields": {"name": "BTN 2", "url": "http://localhost:8000/admin/Agent/button/add/", "payload": null, "slider": 31, "quick_reply": null, "text_response": null, "date_create": "2020-01-09T14:34:16.172Z", "date_update": "2020-01-09T14:34:16.173Z", "order": 1}}, {"model": "AgentManager.button", "pk": 102, "fields": {"name": "quick 1", "url": null, "payload": "quick 1", "slider": null, "quick_reply": 11, "text_response": null, "date_create": "2020-01-09T14:34:16.349Z", "date_update": "2020-01-09T14:34:16.350Z", "order": 1}}, {"model": "AgentManager.button", "pk": 103, "fields": {"name": "quick 2", "url": null, "payload": "quick 2", "slider": null, "quick_reply": 11, "text_response": null, "date_create": "2020-01-09T14:34:16.416Z", "date_update": "2020-01-09T14:34:16.416Z", "order": 2}}, {"model": "AgentManager.button", "pk": 104, "fields": {"name": "quick 3", "url": null, "payload": "quick 3", "slider": null, "quick_reply": 12, "text_response": null, "date_create": "2020-01-09T14:34:16.569Z", "date_update": "2020-01-09T14:34:16.569Z", "order": 1}}, {"model": "AgentManager.button", "pk": 105, "fields": {"name": "quick 3", "url": null, "payload": "quick 3", "slider": null, "quick_reply": 12, "text_response": null, "date_create": "2020-01-09T14:34:16.646Z", "date_update": "2020-01-09T14:34:16.647Z", "order": 2}}, {"model": "AgentManager.button", "pk": 106, "fields": {"name": "solixy", "url": "http://localhost:8000/intents/", "payload": null, "slider": null, "quick_reply": null, "text_response": 32, "date_create": "2020-01-09T14:34:17.832Z", "date_update": "2020-01-09T14:34:17.832Z", "order": 1}}, {"model": "AgentManager.button", "pk": 107, "fields": {"name": "solixy 2", "url": "http://localhost:8000/intents/", "payload": null, "slider": null, "quick_reply": null, "text_response": 32, "date_create": "2020-01-09T14:34:17.944Z", "date_update": "2020-01-09T14:34:17.944Z", "order": 2}}, {"model": "AgentManager.button", "pk": 108, "fields": {"name": "solixy 3", "url": "http://localhost:8000/intents/", "payload": null, "slider": null, "quick_reply": null, "text_response": 32, "date_create": "2020-01-09T14:34:18.010Z", "date_update": "2020-01-09T14:34:18.010Z", "order": 3}}, {"model": "AgentManager.button", "pk": 109, "fields": {"name": "sol", "url": "http://localhost:8000/intents/", "payload": null, "slider": 32, "quick_reply": null, "text_response": null, "date_create": "2020-01-09T14:34:18.541Z", "date_update": "2020-01-09T14:34:18.542Z", "order": 1}}, {"model": "AgentManager.button", "pk": 110, "fields": {"name": "sol 2", "url": "http://localhost:8000/intents/", "payload": null, "slider": 32, "quick_reply": null, "text_response": null, "date_create": "2020-01-09T14:34:18.630Z", "date_update": "2020-01-09T14:34:18.630Z", "order": 2}}, {"model": "AgentManager.button", "pk": 111, "fields": {"name": "BTN 1", "url": "http://localhost:8000/admin/Agent/button/add/", "payload": null, "slider": 34, "quick_reply": null, "text_response": null, "date_create": "2020-01-09T14:34:19.062Z", "date_update": "2020-01-09T14:34:19.062Z", "order": 1}}, {"model": "AgentManager.button", "pk": 112, "fields": {"name": "BTN 2", "url": "http://localhost:8000/admin/Agent/button/add/", "payload": null, "slider": 34, "quick_reply": null, "text_response": null, "date_create": "2020-01-09T14:34:19.140Z", "date_update": "2020-01-09T14:34:19.140Z", "order": 1}}, {"model": "AgentManager.button", "pk": 113, "fields": {"name": "quick 1", "url": null, "payload": "quick 1", "slider": null, "quick_reply": 13, "text_response": null, "date_create": "2020-01-09T14:34:19.305Z", "date_update": "2020-01-09T14:34:19.306Z", "order": 1}}, {"model": "AgentManager.button", "pk": 114, "fields": {"name": "quick 2", "url": null, "payload": "quick 2", "slider": null, "quick_reply": 13, "text_response": null, "date_create": "2020-01-09T14:34:19.405Z", "date_update": "2020-01-09T14:34:19.406Z", "order": 2}}, {"model": "AgentManager.button", "pk": 115, "fields": {"name": "quick 3", "url": null, "payload": "quick 3", "slider": null, "quick_reply": 14, "text_response": null, "date_create": "2020-01-09T14:34:19.614Z", "date_update": "2020-01-09T14:34:19.614Z", "order": 1}}, {"model": "AgentManager.button", "pk": 116, "fields": {"name": "quick 3", "url": null, "payload": "quick 3", "slider": null, "quick_reply": 14, "text_response": null, "date_create": "2020-01-09T14:34:19.724Z", "date_update": "2020-01-09T14:34:19.725Z", "order": 2}}, {"model": "AgentManager.button", "pk": 117, "fields": {"name": "solixy", "url": "http://localhost:8000/intents/", "payload": null, "slider": null, "quick_reply": null, "text_response": 35, "date_create": "2020-01-09T14:35:14.431Z", "date_update": "2020-01-09T14:35:14.431Z", "order": 1}}, {"model": "AgentManager.button", "pk": 118, "fields": {"name": "solixy 2", "url": "http://localhost:8000/intents/", "payload": null, "slider": null, "quick_reply": null, "text_response": 35, "date_create": "2020-01-09T14:35:14.509Z", "date_update": "2020-01-09T14:35:14.510Z", "order": 2}}, {"model": "AgentManager.button", "pk": 119, "fields": {"name": "solixy 3", "url": "http://localhost:8000/intents/", "payload": null, "slider": null, "quick_reply": null, "text_response": 35, "date_create": "2020-01-09T14:35:14.587Z", "date_update": "2020-01-09T14:35:14.588Z", "order": 3}}, {"model": "AgentManager.button", "pk": 120, "fields": {"name": "solixy", "url": "http://localhost:8000/intents/", "payload": null, "slider": null, "quick_reply": null, "text_response": 36, "date_create": "2020-01-09T14:35:15.627Z", "date_update": "2020-01-09T14:35:15.627Z", "order": 1}}, {"model": "AgentManager.button", "pk": 121, "fields": {"name": "solixy 2", "url": "http://localhost:8000/intents/", "payload": null, "slider": null, "quick_reply": null, "text_response": 36, "date_create": "2020-01-09T14:35:15.738Z", "date_update": "2020-01-09T14:35:15.738Z", "order": 2}}, {"model": "AgentManager.button", "pk": 122, "fields": {"name": "solixy 3", "url": "http://localhost:8000/intents/", "payload": null, "slider": null, "quick_reply": null, "text_response": 36, "date_create": "2020-01-09T14:35:15.849Z", "date_update": "2020-01-09T14:35:15.849Z", "order": 3}}, {"model": "AgentManager.button", "pk": 123, "fields": {"name": "solixy", "url": "http://localhost:8000/intents/", "payload": null, "slider": null, "quick_reply": null, "text_response": 37, "date_create": "2020-01-09T14:35:17.553Z", "date_update": "2020-01-09T14:35:17.554Z", "order": 1}}, {"model": "AgentManager.button", "pk": 124, "fields": {"name": "solixy 2", "url": "http://localhost:8000/intents/", "payload": null, "slider": null, "quick_reply": null, "text_response": 37, "date_create": "2020-01-09T14:35:17.631Z", "date_update": "2020-01-09T14:35:17.631Z", "order": 2}}, {"model": "AgentManager.button", "pk": 125, "fields": {"name": "solixy 3", "url": "http://localhost:8000/intents/", "payload": null, "slider": null, "quick_reply": null, "text_response": 37, "date_create": "2020-01-09T14:35:17.698Z", "date_update": "2020-01-09T14:35:17.699Z", "order": 3}}, {"model": "AgentManager.button", "pk": 126, "fields": {"name": "sol", "url": "http://localhost:8000/intents/", "payload": null, "slider": 37, "quick_reply": null, "text_response": null, "date_create": "2020-01-09T14:35:18.030Z", "date_update": "2020-01-09T14:35:18.030Z", "order": 1}}, {"model": "AgentManager.button", "pk": 127, "fields": {"name": "sol 2", "url": "http://localhost:8000/intents/", "payload": null, "slider": 37, "quick_reply": null, "text_response": null, "date_create": "2020-01-09T14:35:18.097Z", "date_update": "2020-01-09T14:35:18.097Z", "order": 2}}, {"model": "AgentManager.button", "pk": 128, "fields": {"name": "BTN 1", "url": "http://localhost:8000/admin/Agent/button/add/", "payload": null, "slider": 39, "quick_reply": null, "text_response": null, "date_create": "2020-01-09T14:35:18.405Z", "date_update": "2020-01-09T14:35:18.405Z", "order": 1}}, {"model": "AgentManager.button", "pk": 129, "fields": {"name": "BTN 2", "url": "http://localhost:8000/admin/Agent/button/add/", "payload": null, "slider": 39, "quick_reply": null, "text_response": null, "date_create": "2020-01-09T14:35:18.482Z", "date_update": "2020-01-09T14:35:18.482Z", "order": 1}}, {"model": "AgentManager.button", "pk": 130, "fields": {"name": "quick 1", "url": null, "payload": "quick 1", "slider": null, "quick_reply": 15, "text_response": null, "date_create": "2020-01-09T14:35:18.626Z", "date_update": "2020-01-09T14:35:18.627Z", "order": 1}}, {"model": "AgentManager.button", "pk": 131, "fields": {"name": "quick 2", "url": null, "payload": "quick 2", "slider": null, "quick_reply": 15, "text_response": null, "date_create": "2020-01-09T14:35:18.705Z", "date_update": "2020-01-09T14:35:18.705Z", "order": 2}}, {"model": "AgentManager.button", "pk": 132, "fields": {"name": "quick 3", "url": null, "payload": "quick 3", "slider": null, "quick_reply": 16, "text_response": null, "date_create": "2020-01-09T14:35:18.882Z", "date_update": "2020-01-09T14:35:18.883Z", "order": 1}}, {"model": "AgentManager.button", "pk": 133, "fields": {"name": "quick 3", "url": null, "payload": "quick 3", "slider": null, "quick_reply": 16, "text_response": null, "date_create": "2020-01-09T14:35:18.959Z", "date_update": "2020-01-09T14:35:18.960Z", "order": 2}}, {"model": "AgentManager.button", "pk": 134, "fields": {"name": "solixy", "url": "http://localhost:8000/intents/", "payload": null, "slider": null, "quick_reply": null, "text_response": 40, "date_create": "2020-01-09T14:35:20.210Z", "date_update": "2020-01-09T14:35:20.210Z", "order": 1}}, {"model": "AgentManager.button", "pk": 135, "fields": {"name": "solixy 2", "url": "http://localhost:8000/intents/", "payload": null, "slider": null, "quick_reply": null, "text_response": 40, "date_create": "2020-01-09T14:35:20.300Z", "date_update": "2020-01-09T14:35:20.300Z", "order": 2}}, {"model": "AgentManager.button", "pk": 136, "fields": {"name": "solixy 3", "url": "http://localhost:8000/intents/", "payload": null, "slider": null, "quick_reply": null, "text_response": 40, "date_create": "2020-01-09T14:35:20.422Z", "date_update": "2020-01-09T14:35:20.422Z", "order": 3}}, {"model": "AgentManager.button", "pk": 137, "fields": {"name": "sol", "url": "http://localhost:8000/intents/", "payload": null, "slider": 40, "quick_reply": null, "text_response": null, "date_create": "2020-01-09T14:35:20.831Z", "date_update": "2020-01-09T14:35:20.831Z", "order": 1}}, {"model": "AgentManager.button", "pk": 138, "fields": {"name": "sol 2", "url": "http://localhost:8000/intents/", "payload": null, "slider": 40, "quick_reply": null, "text_response": null, "date_create": "2020-01-09T14:35:20.898Z", "date_update": "2020-01-09T14:35:20.898Z", "order": 2}}, {"model": "AgentManager.button", "pk": 139, "fields": {"name": "BTN 1", "url": "http://localhost:8000/admin/Agent/button/add/", "payload": null, "slider": 42, "quick_reply": null, "text_response": null, "date_create": "2020-01-09T14:35:21.328Z", "date_update": "2020-01-09T14:35:21.328Z", "order": 1}}, {"model": "AgentManager.button", "pk": 140, "fields": {"name": "BTN 2", "url": "http://localhost:8000/admin/Agent/button/add/", "payload": null, "slider": 42, "quick_reply": null, "text_response": null, "date_create": "2020-01-09T14:35:21.407Z", "date_update": "2020-01-09T14:35:21.407Z", "order": 1}}, {"model": "AgentManager.button", "pk": 141, "fields": {"name": "quick 1", "url": null, "payload": "quick 1", "slider": null, "quick_reply": 17, "text_response": null, "date_create": "2020-01-09T14:35:21.604Z", "date_update": "2020-01-09T14:35:21.605Z", "order": 1}}, {"model": "AgentManager.button", "pk": 142, "fields": {"name": "quick 2", "url": null, "payload": "quick 2", "slider": null, "quick_reply": 17, "text_response": null, "date_create": "2020-01-09T14:35:21.684Z", "date_update": "2020-01-09T14:35:21.685Z", "order": 2}}, {"model": "AgentManager.button", "pk": 143, "fields": {"name": "quick 3", "url": null, "payload": "quick 3", "slider": null, "quick_reply": 18, "text_response": null, "date_create": "2020-01-09T14:35:21.870Z", "date_update": "2020-01-09T14:35:21.870Z", "order": 1}}, {"model": "AgentManager.button", "pk": 144, "fields": {"name": "quick 3", "url": null, "payload": "quick 3", "slider": null, "quick_reply": 18, "text_response": null, "date_create": "2020-01-09T14:35:21.961Z", "date_update": "2020-01-09T14:35:21.961Z", "order": 2}}, {"model": "AgentManager.button", "pk": 145, "fields": {"name": "solixy", "url": "http://localhost:8000/intents/", "payload": null, "slider": null, "quick_reply": null, "text_response": 43, "date_create": "2020-01-09T14:37:38.338Z", "date_update": "2020-01-09T14:37:38.339Z", "order": 1}}, {"model": "AgentManager.button", "pk": 146, "fields": {"name": "solixy 2", "url": "http://localhost:8000/intents/", "payload": null, "slider": null, "quick_reply": null, "text_response": 43, "date_create": "2020-01-09T14:37:38.473Z", "date_update": "2020-01-09T14:37:38.473Z", "order": 2}}, {"model": "AgentManager.button", "pk": 147, "fields": {"name": "solixy 3", "url": "http://localhost:8000/intents/", "payload": null, "slider": null, "quick_reply": null, "text_response": 43, "date_create": "2020-01-09T14:37:38.549Z", "date_update": "2020-01-09T14:37:38.550Z", "order": 3}}, {"model": "AgentManager.button", "pk": 148, "fields": {"name": "solixy", "url": "http://localhost:8000/intents/", "payload": null, "slider": null, "quick_reply": null, "text_response": 44, "date_create": "2020-01-09T14:37:39.523Z", "date_update": "2020-01-09T14:37:39.524Z", "order": 1}}, {"model": "AgentManager.button", "pk": 149, "fields": {"name": "solixy 2", "url": "http://localhost:8000/intents/", "payload": null, "slider": null, "quick_reply": null, "text_response": 44, "date_create": "2020-01-09T14:37:39.624Z", "date_update": "2020-01-09T14:37:39.624Z", "order": 2}}, {"model": "AgentManager.button", "pk": 150, "fields": {"name": "solixy 3", "url": "http://localhost:8000/intents/", "payload": null, "slider": null, "quick_reply": null, "text_response": 44, "date_create": "2020-01-09T14:37:39.701Z", "date_update": "2020-01-09T14:37:39.702Z", "order": 3}}, {"model": "AgentManager.button", "pk": 151, "fields": {"name": "solixy", "url": "http://localhost:8000/intents/", "payload": null, "slider": null, "quick_reply": null, "text_response": 45, "date_create": "2020-01-09T14:37:41.017Z", "date_update": "2020-01-09T14:37:41.018Z", "order": 1}}, {"model": "AgentManager.button", "pk": 152, "fields": {"name": "solixy 2", "url": "http://localhost:8000/intents/", "payload": null, "slider": null, "quick_reply": null, "text_response": 45, "date_create": "2020-01-09T14:37:41.085Z", "date_update": "2020-01-09T14:37:41.086Z", "order": 2}}, {"model": "AgentManager.button", "pk": 153, "fields": {"name": "solixy 3", "url": "http://localhost:8000/intents/", "payload": null, "slider": null, "quick_reply": null, "text_response": 45, "date_create": "2020-01-09T14:37:41.152Z", "date_update": "2020-01-09T14:37:41.152Z", "order": 3}}, {"model": "AgentManager.button", "pk": 154, "fields": {"name": "sol", "url": "http://localhost:8000/intents/", "payload": null, "slider": 45, "quick_reply": null, "text_response": null, "date_create": "2020-01-09T14:37:41.483Z", "date_update": "2020-01-09T14:37:41.484Z", "order": 1}}, {"model": "AgentManager.button", "pk": 155, "fields": {"name": "sol 2", "url": "http://localhost:8000/intents/", "payload": null, "slider": 45, "quick_reply": null, "text_response": null, "date_create": "2020-01-09T14:37:41.550Z", "date_update": "2020-01-09T14:37:41.550Z", "order": 2}}, {"model": "AgentManager.button", "pk": 156, "fields": {"name": "BTN 1", "url": "http://localhost:8000/admin/Agent/button/add/", "payload": null, "slider": 47, "quick_reply": null, "text_response": null, "date_create": "2020-01-09T14:37:41.948Z", "date_update": "2020-01-09T14:37:41.948Z", "order": 1}}, {"model": "AgentManager.button", "pk": 157, "fields": {"name": "BTN 2", "url": "http://localhost:8000/admin/Agent/button/add/", "payload": null, "slider": 47, "quick_reply": null, "text_response": null, "date_create": "2020-01-09T14:37:42.026Z", "date_update": "2020-01-09T14:37:42.026Z", "order": 1}}, {"model": "AgentManager.button", "pk": 158, "fields": {"name": "quick 1", "url": null, "payload": "quick 1", "slider": null, "quick_reply": 19, "text_response": null, "date_create": "2020-01-09T14:37:42.181Z", "date_update": "2020-01-09T14:37:42.182Z", "order": 1}}, {"model": "AgentManager.button", "pk": 159, "fields": {"name": "quick 2", "url": null, "payload": "quick 2", "slider": null, "quick_reply": 19, "text_response": null, "date_create": "2020-01-09T14:37:42.624Z", "date_update": "2020-01-09T14:37:42.624Z", "order": 2}}, {"model": "AgentManager.button", "pk": 160, "fields": {"name": "quick 3", "url": null, "payload": "quick 3", "slider": null, "quick_reply": 20, "text_response": null, "date_create": "2020-01-09T14:37:42.778Z", "date_update": "2020-01-09T14:37:42.778Z", "order": 1}}, {"model": "AgentManager.button", "pk": 161, "fields": {"name": "quick 3", "url": null, "payload": "quick 3", "slider": null, "quick_reply": 20, "text_response": null, "date_create": "2020-01-09T14:37:42.857Z", "date_update": "2020-01-09T14:37:42.857Z", "order": 2}}, {"model": "AgentManager.button", "pk": 162, "fields": {"name": "solixy", "url": "http://localhost:8000/intents/", "payload": null, "slider": null, "quick_reply": null, "text_response": 48, "date_create": "2020-01-09T14:37:43.995Z", "date_update": "2020-01-09T14:37:43.996Z", "order": 1}}, {"model": "AgentManager.button", "pk": 163, "fields": {"name": "solixy 2", "url": "http://localhost:8000/intents/", "payload": null, "slider": null, "quick_reply": null, "text_response": 48, "date_create": "2020-01-09T14:37:44.063Z", "date_update": "2020-01-09T14:37:44.064Z", "order": 2}}, {"model": "AgentManager.button", "pk": 164, "fields": {"name": "solixy 3", "url": "http://localhost:8000/intents/", "payload": null, "slider": null, "quick_reply": null, "text_response": 48, "date_create": "2020-01-09T14:37:44.130Z", "date_update": "2020-01-09T14:37:44.130Z", "order": 3}}, {"model": "AgentManager.button", "pk": 165, "fields": {"name": "sol", "url": "http://localhost:8000/intents/", "payload": null, "slider": 48, "quick_reply": null, "text_response": null, "date_create": "2020-01-09T14:37:44.705Z", "date_update": "2020-01-09T14:37:44.705Z", "order": 1}}, {"model": "AgentManager.button", "pk": 166, "fields": {"name": "sol 2", "url": "http://localhost:8000/intents/", "payload": null, "slider": 48, "quick_reply": null, "text_response": null, "date_create": "2020-01-09T14:37:44.772Z", "date_update": "2020-01-09T14:37:44.772Z", "order": 2}}, {"model": "AgentManager.button", "pk": 167, "fields": {"name": "BTN 1", "url": "http://localhost:8000/admin/Agent/button/add/", "payload": null, "slider": 50, "quick_reply": null, "text_response": null, "date_create": "2020-01-09T14:37:45.080Z", "date_update": "2020-01-09T14:37:45.080Z", "order": 1}}, {"model": "AgentManager.button", "pk": 168, "fields": {"name": "BTN 2", "url": "http://localhost:8000/admin/Agent/button/add/", "payload": null, "slider": 50, "quick_reply": null, "text_response": null, "date_create": "2020-01-09T14:37:45.179Z", "date_update": "2020-01-09T14:37:45.180Z", "order": 1}}, {"model": "AgentManager.button", "pk": 169, "fields": {"name": "quick 1", "url": null, "payload": "quick 1", "slider": null, "quick_reply": 21, "text_response": null, "date_create": "2020-01-09T14:37:45.368Z", "date_update": "2020-01-09T14:37:45.368Z", "order": 1}}, {"model": "AgentManager.button", "pk": 170, "fields": {"name": "quick 2", "url": null, "payload": "quick 2", "slider": null, "quick_reply": 21, "text_response": null, "date_create": "2020-01-09T14:37:45.468Z", "date_update": "2020-01-09T14:37:45.469Z", "order": 2}}, {"model": "AgentManager.button", "pk": 171, "fields": {"name": "quick 3", "url": null, "payload": "quick 3", "slider": null, "quick_reply": 22, "text_response": null, "date_create": "2020-01-09T14:37:45.668Z", "date_update": "2020-01-09T14:37:45.669Z", "order": 1}}, {"model": "AgentManager.button", "pk": 172, "fields": {"name": "quick 3", "url": null, "payload": "quick 3", "slider": null, "quick_reply": 22, "text_response": null, "date_create": "2020-01-09T14:37:45.779Z", "date_update": "2020-01-09T14:37:45.779Z", "order": 2}}, {"model": "AgentManager.button", "pk": 375, "fields": {"name": "quick 1", "url": null, "payload": "quick 1", "slider": null, "quick_reply": 141, "text_response": null, "date_create": "2020-01-21T09:22:44.779Z", "date_update": "2020-01-21T09:22:44.779Z", "order": 1}}, {"model": "AgentManager.button", "pk": 376, "fields": {"name": "quick 2", "url": null, "payload": "quick 2", "slider": null, "quick_reply": 141, "text_response": null, "date_create": "2020-01-21T09:22:44.844Z", "date_update": "2020-01-21T09:22:44.844Z", "order": 2}}, {"model": "AgentManager.button", "pk": 377, "fields": {"name": "", "url": null, "payload": "quick 1", "slider": null, "quick_reply": 142, "text_response": null, "date_create": "2020-01-21T09:22:44.956Z", "date_update": "2020-01-21T09:22:44.956Z", "order": 1}}, {"model": "AgentManager.button", "pk": 378, "fields": {"name": "quick 2", "url": null, "payload": "quick 2", "slider": null, "quick_reply": 142, "text_response": null, "date_create": "2020-01-21T09:22:45.021Z", "date_update": "2020-01-21T09:22:45.021Z", "order": 2}}, {"model": "AgentManager.button", "pk": 379, "fields": {"name": "solixy", "url": "http://www.solixy.com/", "payload": null, "slider": null, "quick_reply": null, "text_response": 95, "date_create": "2020-01-21T09:22:45.155Z", "date_update": "2020-01-21T09:22:45.155Z", "order": 1}}, {"model": "AgentManager.button", "pk": 380, "fields": {"name": "solixy", "url": "http://www.solixy.com/", "payload": null, "slider": null, "quick_reply": null, "text_response": 95, "date_create": "2020-01-21T09:22:45.218Z", "date_update": "2020-01-21T09:22:45.218Z", "order": 1}}, {"model": "AgentManager.button", "pk": 381, "fields": {"name": "G\u00e9oxy", "url": null, "payload": "G\u00e9oxy", "slider": 62, "quick_reply": null, "text_response": null, "date_create": "2020-01-21T09:22:45.506Z", "date_update": "2020-01-21T09:22:45.506Z", "order": 1}}, {"model": "AgentManager.button", "pk": 382, "fields": {"name": "G\u00e9oxy", "url": null, "payload": "G\u00e9oxy", "slider": 64, "quick_reply": null, "text_response": null, "date_create": "2020-01-21T09:22:45.816Z", "date_update": "2020-01-21T09:22:45.817Z", "order": 1}}, {"model": "AgentManager.button", "pk": 383, "fields": {"name": "RITABOT", "url": null, "payload": "RITABOT", "slider": 64, "quick_reply": null, "text_response": null, "date_create": "2020-01-21T09:22:45.885Z", "date_update": "2020-01-21T09:22:45.886Z", "order": 2}}, {"model": "AgentManager.button", "pk": 384, "fields": {"name": "quick 1", "url": null, "payload": "quick 1", "slider": null, "quick_reply": 145, "text_response": null, "date_create": "2020-01-21T09:27:06.384Z", "date_update": "2020-01-21T09:27:06.384Z", "order": 1}}, {"model": "AgentManager.button", "pk": 385, "fields": {"name": "quick 2", "url": null, "payload": "quick 2", "slider": null, "quick_reply": 145, "text_response": null, "date_create": "2020-01-21T09:27:06.463Z", "date_update": "2020-01-21T09:27:06.464Z", "order": 2}}, {"model": "AgentManager.button", "pk": 386, "fields": {"name": "", "url": null, "payload": "quick 1", "slider": null, "quick_reply": 146, "text_response": null, "date_create": "2020-01-21T09:27:06.605Z", "date_update": "2020-01-21T09:27:06.605Z", "order": 1}}, {"model": "AgentManager.button", "pk": 387, "fields": {"name": "quick 2", "url": null, "payload": "quick 2", "slider": null, "quick_reply": 146, "text_response": null, "date_create": "2020-01-21T09:27:06.674Z", "date_update": "2020-01-21T09:27:06.674Z", "order": 2}}, {"model": "AgentManager.button", "pk": 388, "fields": {"name": "solixy", "url": "http://www.solixy.com/", "payload": null, "slider": null, "quick_reply": null, "text_response": 99, "date_create": "2020-01-21T09:27:06.815Z", "date_update": "2020-01-21T09:27:06.815Z", "order": 1}}, {"model": "AgentManager.button", "pk": 389, "fields": {"name": "solixy", "url": "http://www.solixy.com/", "payload": null, "slider": null, "quick_reply": null, "text_response": 99, "date_create": "2020-01-21T09:27:06.884Z", "date_update": "2020-01-21T09:27:06.885Z", "order": 1}}, {"model": "AgentManager.button", "pk": 390, "fields": {"name": "G\u00e9oxy", "url": null, "payload": "G\u00e9oxy", "slider": 65, "quick_reply": null, "text_response": null, "date_create": "2020-01-21T09:27:07.160Z", "date_update": "2020-01-21T09:27:07.160Z", "order": null}}, {"model": "AgentManager.button", "pk": 391, "fields": {"name": "G\u00e9oxy", "url": null, "payload": "G\u00e9oxy", "slider": 67, "quick_reply": null, "text_response": null, "date_create": "2020-01-21T09:27:07.424Z", "date_update": "2020-01-21T09:27:07.424Z", "order": 1}}, {"model": "AgentManager.button", "pk": 392, "fields": {"name": "RITABOT", "url": null, "payload": "RITABOT", "slider": 67, "quick_reply": null, "text_response": null, "date_create": "2020-01-21T09:27:07.493Z", "date_update": "2020-01-21T09:27:07.493Z", "order": 2}}, {"model": "AgentManager.button", "pk": 393, "fields": {"name": "quick 1", "url": null, "payload": "quick 1", "slider": null, "quick_reply": 147, "text_response": null, "date_create": "2020-01-21T09:27:46.646Z", "date_update": "2020-01-21T09:27:46.647Z", "order": 1}}, {"model": "AgentManager.button", "pk": 394, "fields": {"name": "quick 2", "url": null, "payload": "quick 2", "slider": null, "quick_reply": 147, "text_response": null, "date_create": "2020-01-21T09:27:46.715Z", "date_update": "2020-01-21T09:27:46.715Z", "order": 2}}, {"model": "AgentManager.button", "pk": 395, "fields": {"name": "", "url": null, "payload": "quick 1", "slider": null, "quick_reply": 148, "text_response": null, "date_create": "2020-01-21T09:27:46.859Z", "date_update": "2020-01-21T09:27:46.859Z", "order": 1}}, {"model": "AgentManager.button", "pk": 396, "fields": {"name": "quick 2", "url": null, "payload": "quick 2", "slider": null, "quick_reply": 148, "text_response": null, "date_create": "2020-01-21T09:27:46.928Z", "date_update": "2020-01-21T09:27:46.928Z", "order": 2}}, {"model": "AgentManager.button", "pk": 397, "fields": {"name": "solixy", "url": "http://www.solixy.com/", "payload": null, "slider": null, "quick_reply": null, "text_response": 101, "date_create": "2020-01-21T09:27:47.067Z", "date_update": "2020-01-21T09:27:47.068Z", "order": 1}}, {"model": "AgentManager.button", "pk": 398, "fields": {"name": "solixy", "url": "http://www.solixy.com/", "payload": null, "slider": null, "quick_reply": null, "text_response": 101, "date_create": "2020-01-21T09:27:47.147Z", "date_update": "2020-01-21T09:27:47.147Z", "order": 1}}, {"model": "AgentManager.button", "pk": 399, "fields": {"name": "G\u00e9oxy", "url": null, "payload": "G\u00e9oxy", "slider": 68, "quick_reply": null, "text_response": null, "date_create": "2020-01-21T09:27:47.433Z", "date_update": "2020-01-21T09:27:47.433Z", "order": null}}, {"model": "AgentManager.button", "pk": 400, "fields": {"name": "G\u00e9oxy", "url": null, "payload": "G\u00e9oxy", "slider": 70, "quick_reply": null, "text_response": null, "date_create": "2020-01-21T09:27:47.710Z", "date_update": "2020-01-21T09:27:47.710Z", "order": null}}, {"model": "AgentManager.button", "pk": 401, "fields": {"name": "RITABOT", "url": null, "payload": "RITABOT", "slider": 70, "quick_reply": null, "text_response": null, "date_create": "2020-01-21T09:27:47.789Z", "date_update": "2020-01-21T09:27:47.789Z", "order": null}}, {"model": "AgentManager.button", "pk": 402, "fields": {"name": "quick 1", "url": null, "payload": "quick 1", "slider": null, "quick_reply": 149, "text_response": null, "date_create": "2020-01-21T09:31:05.111Z", "date_update": "2020-01-21T09:31:05.111Z", "order": 1}}, {"model": "AgentManager.button", "pk": 403, "fields": {"name": "quick 2", "url": null, "payload": "quick 2", "slider": null, "quick_reply": 149, "text_response": null, "date_create": "2020-01-21T09:31:05.192Z", "date_update": "2020-01-21T09:31:05.193Z", "order": 2}}, {"model": "AgentManager.button", "pk": 404, "fields": {"name": "", "url": null, "payload": "quick 1", "slider": null, "quick_reply": 150, "text_response": null, "date_create": "2020-01-21T09:31:05.355Z", "date_update": "2020-01-21T09:31:05.355Z", "order": 1}}, {"model": "AgentManager.button", "pk": 405, "fields": {"name": "quick 2", "url": null, "payload": "quick 2", "slider": null, "quick_reply": 150, "text_response": null, "date_create": "2020-01-21T09:31:05.436Z", "date_update": "2020-01-21T09:31:05.436Z", "order": 2}}, {"model": "AgentManager.button", "pk": 406, "fields": {"name": "solixy", "url": "http://www.solixy.com/", "payload": null, "slider": null, "quick_reply": null, "text_response": 103, "date_create": "2020-01-21T09:31:05.654Z", "date_update": "2020-01-21T09:31:05.655Z", "order": 1}}, {"model": "AgentManager.button", "pk": 407, "fields": {"name": "solixy", "url": "http://www.solixy.com/", "payload": null, "slider": null, "quick_reply": null, "text_response": 103, "date_create": "2020-01-21T09:31:05.729Z", "date_update": "2020-01-21T09:31:05.729Z", "order": 1}}, {"model": "AgentManager.button", "pk": 408, "fields": {"name": "G\u00e9oxy", "url": null, "payload": "", "slider": 71, "quick_reply": null, "text_response": null, "date_create": "2020-01-21T09:31:06.044Z", "date_update": "2020-01-21T09:31:06.044Z", "order": null}}, {"model": "AgentManager.button", "pk": 409, "fields": {"name": "G\u00e9oxy", "url": null, "payload": "G\u00e9oxy", "slider": 73, "quick_reply": null, "text_response": null, "date_create": "2020-01-21T09:31:06.358Z", "date_update": "2020-01-21T09:31:06.358Z", "order": null}}, {"model": "AgentManager.button", "pk": 410, "fields": {"name": "RITABOT", "url": null, "payload": "RITABOT", "slider": 73, "quick_reply": null, "text_response": null, "date_create": "2020-01-21T09:31:06.444Z", "date_update": "2020-01-21T09:31:06.444Z", "order": null}}, {"model": "AgentManager.button", "pk": 417, "fields": {"name": "quick 1", "url": null, "payload": "quick 1", "slider": null, "quick_reply": 153, "text_response": null, "date_create": "2020-01-21T09:34:51.276Z", "date_update": "2020-01-21T09:34:51.276Z", "order": 1}}, {"model": "AgentManager.button", "pk": 418, "fields": {"name": "quick 2", "url": null, "payload": "quick 2", "slider": null, "quick_reply": 153, "text_response": null, "date_create": "2020-01-21T09:34:51.354Z", "date_update": "2020-01-21T09:34:51.355Z", "order": 2}}, {"model": "AgentManager.button", "pk": 419, "fields": {"name": "", "url": null, "payload": "quick 1", "slider": null, "quick_reply": 154, "text_response": null, "date_create": "2020-01-21T09:34:51.507Z", "date_update": "2020-01-21T09:34:51.508Z", "order": 1}}, {"model": "AgentManager.button", "pk": 420, "fields": {"name": "quick 2", "url": null, "payload": "quick 2", "slider": null, "quick_reply": 154, "text_response": null, "date_create": "2020-01-21T09:34:51.587Z", "date_update": "2020-01-21T09:34:51.587Z", "order": 2}}, {"model": "AgentManager.button", "pk": 421, "fields": {"name": "solixy", "url": "http://www.solixy.com/", "payload": null, "slider": null, "quick_reply": null, "text_response": 107, "date_create": "2020-01-21T09:34:51.751Z", "date_update": "2020-01-21T09:34:51.752Z", "order": 1}}, {"model": "AgentManager.button", "pk": 422, "fields": {"name": "solixy", "url": "http://www.solixy.com/", "payload": null, "slider": null, "quick_reply": null, "text_response": 107, "date_create": "2020-01-21T09:34:51.831Z", "date_update": "2020-01-21T09:34:51.831Z", "order": 1}}, {"model": "AgentManager.button", "pk": 423, "fields": {"name": "G\u00e9oxy", "url": null, "payload": "", "slider": 74, "quick_reply": null, "text_response": null, "date_create": "2020-01-21T09:34:52.143Z", "date_update": "2020-01-21T09:34:52.144Z", "order": null}}, {"model": "AgentManager.button", "pk": 424, "fields": {"name": "G\u00e9oxy", "url": null, "payload": "G\u00e9oxy", "slider": 76, "quick_reply": null, "text_response": null, "date_create": "2020-01-21T09:34:52.432Z", "date_update": "2020-01-21T09:34:52.432Z", "order": null}}, {"model": "AgentManager.button", "pk": 425, "fields": {"name": "RITABOT", "url": null, "payload": "RITABOT", "slider": 76, "quick_reply": null, "text_response": null, "date_create": "2020-01-21T09:34:52.489Z", "date_update": "2020-01-21T09:34:52.489Z", "order": null}}, {"model": "AgentManager.button", "pk": 426, "fields": {"name": "quick 1", "url": null, "payload": "quick 1", "slider": null, "quick_reply": 155, "text_response": null, "date_create": "2020-01-21T09:41:33.483Z", "date_update": "2020-01-21T09:41:33.483Z", "order": 1}}, {"model": "AgentManager.button", "pk": 427, "fields": {"name": "quick 2", "url": null, "payload": "quick 2", "slider": null, "quick_reply": 155, "text_response": null, "date_create": "2020-01-21T09:41:33.534Z", "date_update": "2020-01-21T09:41:33.534Z", "order": 2}}, {"model": "AgentManager.button", "pk": 428, "fields": {"name": "", "url": null, "payload": "quick 1", "slider": null, "quick_reply": 156, "text_response": null, "date_create": "2020-01-21T09:41:33.649Z", "date_update": "2020-01-21T09:41:33.649Z", "order": 1}}, {"model": "AgentManager.button", "pk": 429, "fields": {"name": "quick 2", "url": null, "payload": "quick 2", "slider": null, "quick_reply": 156, "text_response": null, "date_create": "2020-01-21T09:41:33.700Z", "date_update": "2020-01-21T09:41:33.701Z", "order": 2}}, {"model": "AgentManager.button", "pk": 430, "fields": {"name": "solixy", "url": "http://www.solixy.com/", "payload": null, "slider": null, "quick_reply": null, "text_response": 109, "date_create": "2020-01-21T09:41:33.837Z", "date_update": "2020-01-21T09:41:33.837Z", "order": 1}}, {"model": "AgentManager.button", "pk": 431, "fields": {"name": "solixy", "url": "http://www.solixy.com/", "payload": null, "slider": null, "quick_reply": null, "text_response": 109, "date_create": "2020-01-21T09:41:33.888Z", "date_update": "2020-01-21T09:41:33.889Z", "order": 1}}, {"model": "AgentManager.button", "pk": 432, "fields": {"name": "G\u00e9oxy", "url": null, "payload": "", "slider": 78, "quick_reply": null, "text_response": null, "date_create": "2020-01-21T09:41:34.175Z", "date_update": "2020-01-21T09:41:34.176Z", "order": null}}, {"model": "AgentManager.button", "pk": 433, "fields": {"name": "quick 1", "url": null, "payload": "quick 1", "slider": null, "quick_reply": 157, "text_response": null, "date_create": "2020-01-21T09:44:33.457Z", "date_update": "2020-01-21T09:44:33.458Z", "order": 1}}, {"model": "AgentManager.button", "pk": 434, "fields": {"name": "quick 2", "url": null, "payload": "quick 2", "slider": null, "quick_reply": 157, "text_response": null, "date_create": "2020-01-21T09:44:33.519Z", "date_update": "2020-01-21T09:44:33.520Z", "order": 2}}, {"model": "AgentManager.button", "pk": 435, "fields": {"name": "", "url": null, "payload": "quick 1", "slider": null, "quick_reply": 158, "text_response": null, "date_create": "2020-01-21T09:44:33.636Z", "date_update": "2020-01-21T09:44:33.636Z", "order": 1}}, {"model": "AgentManager.button", "pk": 436, "fields": {"name": "quick 2", "url": null, "payload": "quick 2", "slider": null, "quick_reply": 158, "text_response": null, "date_create": "2020-01-21T09:44:33.696Z", "date_update": "2020-01-21T09:44:33.697Z", "order": 2}}, {"model": "AgentManager.button", "pk": 437, "fields": {"name": "solixy", "url": "http://www.solixy.com/", "payload": null, "slider": null, "quick_reply": null, "text_response": 111, "date_create": "2020-01-21T09:44:33.869Z", "date_update": "2020-01-21T09:44:33.870Z", "order": 1}}, {"model": "AgentManager.button", "pk": 438, "fields": {"name": "solixy", "url": "http://www.solixy.com/", "payload": null, "slider": null, "quick_reply": null, "text_response": 111, "date_create": "2020-01-21T09:44:33.940Z", "date_update": "2020-01-21T09:44:33.941Z", "order": 1}}, {"model": "AgentManager.button", "pk": 439, "fields": {"name": "G\u00e9oxy", "url": null, "payload": "", "slider": 81, "quick_reply": null, "text_response": null, "date_create": "2020-01-21T09:44:34.263Z", "date_update": "2020-01-21T09:44:34.264Z", "order": null}}, {"model": "AgentManager.button", "pk": 440, "fields": {"name": "G\u00e9oxy", "url": null, "payload": "G\u00e9oxy", "slider": 83, "quick_reply": null, "text_response": null, "date_create": "2020-01-21T09:44:34.588Z", "date_update": "2020-01-21T09:44:34.588Z", "order": null}}, {"model": "AgentManager.button", "pk": 441, "fields": {"name": "RITABOT", "url": null, "payload": "RITABOT", "slider": 83, "quick_reply": null, "text_response": null, "date_create": "2020-01-21T09:44:34.651Z", "date_update": "2020-01-21T09:44:34.651Z", "order": null}}, {"model": "AgentManager.button", "pk": 442, "fields": {"name": "bt1", "url": "http://localhost:4200/agentmanagement/118/intentCreate/118", "payload": "", "slider": 84, "quick_reply": null, "text_response": null, "date_create": "2020-01-21T09:46:56.621Z", "date_update": "2020-01-21T09:46:56.621Z", "order": null}}, {"model": "AgentManager.button", "pk": 443, "fields": {"name": "d", "url": "http://localhost:4200/agentmanagement/118/intentCreate/118", "payload": "", "slider": 85, "quick_reply": null, "text_response": null, "date_create": "2020-01-21T10:27:36.368Z", "date_update": "2020-01-21T10:27:36.368Z", "order": null}}, {"model": "AgentManager.button", "pk": 444, "fields": {"name": "btn 1", "url": "http://localhost:4200/agentmanagement/118/intentCreate/118", "payload": null, "slider": null, "quick_reply": null, "text_response": 113, "date_create": "2020-01-21T11:32:38.330Z", "date_update": "2020-01-21T11:32:38.330Z", "order": null}}, {"model": "AgentManager.button", "pk": 445, "fields": {"name": "btn2", "url": "http://localhost:4200/agentmanagement/118/intentCreate/118", "payload": null, "slider": null, "quick_reply": null, "text_response": 113, "date_create": "2020-01-21T11:32:38.404Z", "date_update": "2020-01-21T11:32:38.404Z", "order": null}}, {"model": "AgentManager.button", "pk": 446, "fields": {"name": "quick 1", "url": null, "payload": "quick 1", "slider": null, "quick_reply": 159, "text_response": null, "date_create": "2020-01-21T15:31:57.585Z", "date_update": "2020-01-21T15:31:57.585Z", "order": 1}}, {"model": "AgentManager.button", "pk": 447, "fields": {"name": "quick 2", "url": null, "payload": "quick 2", "slider": null, "quick_reply": 159, "text_response": null, "date_create": "2020-01-21T15:31:57.659Z", "date_update": "2020-01-21T15:31:57.659Z", "order": 2}}, {"model": "AgentManager.button", "pk": 448, "fields": {"name": "", "url": null, "payload": "quick 1", "slider": null, "quick_reply": 160, "text_response": null, "date_create": "2020-01-21T15:31:57.817Z", "date_update": "2020-01-21T15:31:57.817Z", "order": 1}}, {"model": "AgentManager.button", "pk": 449, "fields": {"name": "quick 2", "url": null, "payload": "quick 2", "slider": null, "quick_reply": 160, "text_response": null, "date_create": "2020-01-21T15:31:57.891Z", "date_update": "2020-01-21T15:31:57.892Z", "order": 2}}, {"model": "AgentManager.button", "pk": 450, "fields": {"name": "solixy", "url": "http://www.solixy.com/", "payload": null, "slider": null, "quick_reply": null, "text_response": 114, "date_create": "2020-01-21T15:31:58.051Z", "date_update": "2020-01-21T15:31:58.051Z", "order": 1}}, {"model": "AgentManager.button", "pk": 451, "fields": {"name": "solixy", "url": "http://www.solixy.com/", "payload": null, "slider": null, "quick_reply": null, "text_response": 114, "date_create": "2020-01-21T15:31:58.124Z", "date_update": "2020-01-21T15:31:58.124Z", "order": 1}}, {"model": "AgentManager.button", "pk": 452, "fields": {"name": "G\u00e9oxy", "url": null, "payload": "", "slider": 86, "quick_reply": null, "text_response": null, "date_create": "2020-01-21T15:31:58.450Z", "date_update": "2020-01-21T15:31:58.450Z", "order": null}}, {"model": "AgentManager.button", "pk": 453, "fields": {"name": "G\u00e9oxy", "url": null, "payload": "G\u00e9oxy", "slider": 88, "quick_reply": null, "text_response": null, "date_create": "2020-01-21T15:31:58.782Z", "date_update": "2020-01-21T15:31:58.782Z", "order": null}}, {"model": "AgentManager.button", "pk": 454, "fields": {"name": "RITABOT", "url": null, "payload": null, "slider": 88, "quick_reply": null, "text_response": null, "date_create": "2020-01-21T15:31:58.854Z", "date_update": "2020-01-21T15:31:58.855Z", "order": null}}, {"model": "AgentManager.button", "pk": 455, "fields": {"name": "solixy", "url": null, "payload": "", "slider": null, "quick_reply": 161, "text_response": null, "date_create": "2020-01-21T15:57:40.538Z", "date_update": "2020-01-21T15:57:40.539Z", "order": null}}, {"model": "AgentManager.button", "pk": 456, "fields": {"name": "soliuxy", "url": null, "payload": "", "slider": null, "quick_reply": 161, "text_response": null, "date_create": "2020-01-21T15:57:40.612Z", "date_update": "2020-01-21T15:57:40.613Z", "order": null}}, {"model": "AgentManager.button", "pk": 457, "fields": {"name": "simple", "url": "https://stackblitz.com/angular/mjygopomxvq?file=src%2Fapp%2Fchips-autocomplete-example.ts", "payload": "", "slider": 89, "quick_reply": null, "text_response": null, "date_create": "2020-01-21T15:57:40.848Z", "date_update": "2020-01-21T15:57:40.849Z", "order": null}}, {"model": "AgentManager.button", "pk": 458, "fields": {"name": "quick 1", "url": null, "payload": "quick 1", "slider": null, "quick_reply": 162, "text_response": null, "date_create": "2020-01-30T13:36:26.229Z", "date_update": "2020-01-30T13:36:26.229Z", "order": 1}}, {"model": "AgentManager.button", "pk": 459, "fields": {"name": "quick 2", "url": null, "payload": "quick 2", "slider": null, "quick_reply": 162, "text_response": null, "date_create": "2020-01-30T13:36:26.311Z", "date_update": "2020-01-30T13:36:26.312Z", "order": 2}}, {"model": "AgentManager.button", "pk": 460, "fields": {"name": "", "url": null, "payload": "quick 1", "slider": null, "quick_reply": 163, "text_response": null, "date_create": "2020-01-30T13:36:26.494Z", "date_update": "2020-01-30T13:36:26.494Z", "order": 1}}, {"model": "AgentManager.button", "pk": 461, "fields": {"name": "quick 2", "url": null, "payload": "quick 2", "slider": null, "quick_reply": 163, "text_response": null, "date_create": "2020-01-30T13:36:26.568Z", "date_update": "2020-01-30T13:36:26.568Z", "order": 2}}, {"model": "AgentManager.button", "pk": 462, "fields": {"name": "solixy", "url": "http://www.solixy.com/", "payload": null, "slider": null, "quick_reply": null, "text_response": 116, "date_create": "2020-01-30T13:36:26.725Z", "date_update": "2020-01-30T13:36:26.725Z", "order": 1}}, {"model": "AgentManager.button", "pk": 463, "fields": {"name": "G\u00e9oxy", "url": null, "payload": "G\u00e9oxy", "slider": 92, "quick_reply": null, "text_response": null, "date_create": "2020-01-31T12:17:45.410Z", "date_update": "2020-01-31T12:17:45.410Z", "order": 0}}, {"model": "AgentManager.button", "pk": 464, "fields": {"name": "RITABOT", "url": null, "payload": "", "slider": 92, "quick_reply": null, "text_response": null, "date_create": "2020-01-31T12:17:45.503Z", "date_update": "2020-01-31T12:17:45.504Z", "order": 0}}, {"model": "AgentManager.button", "pk": 477, "fields": {"name": "G\u00e9oxy_updated5", "url": null, "payload": "G\u00e9oxy", "slider": null, "quick_reply": 170, "text_response": null, "date_create": "2020-02-03T11:55:25.536Z", "date_update": "2020-02-03T12:26:16.944Z", "order": 0}}, {"model": "AgentManager.button", "pk": 478, "fields": {"name": "RITABOT", "url": null, "payload": "RITABOT", "slider": null, "quick_reply": 170, "text_response": null, "date_create": "2020-02-03T11:55:25.612Z", "date_update": "2020-02-03T12:26:16.998Z", "order": 0}}, {"model": "AgentManager.button", "pk": 479, "fields": {"name": "RITABOT add in update", "url": null, "payload": "RITABOT", "slider": null, "quick_reply": 170, "text_response": null, "date_create": "2020-02-03T11:55:25.722Z", "date_update": "2020-02-03T12:26:17.042Z", "order": 0}}, {"model": "AgentManager.button", "pk": 480, "fields": {"name": "Magixy add in update", "url": null, "payload": "RITABOT", "slider": null, "quick_reply": 171, "text_response": null, "date_create": "2020-02-03T11:55:25.891Z", "date_update": "2020-02-03T12:26:17.154Z", "order": 0}}, {"model": "AgentManager.button", "pk": 481, "fields": {"name": "G\u00e9oxy_updated51", "url": null, "payload": "G\u00e9oxy", "slider": null, "quick_reply": null, "text_response": 122, "date_create": "2020-02-03T11:55:26.069Z", "date_update": "2020-02-03T12:26:17.266Z", "order": 0}}, {"model": "AgentManager.button", "pk": 482, "fields": {"name": "G\u00e9oxy_updated50", "url": null, "payload": "G\u00e9oxy", "slider": null, "quick_reply": null, "text_response": 123, "date_create": "2020-02-03T11:55:26.255Z", "date_update": "2020-02-03T12:26:17.354Z", "order": 0}}, {"model": "AgentManager.button", "pk": 483, "fields": {"name": "G\u00e9oxy", "url": null, "payload": "G\u00e9oxy", "slider": 98, "quick_reply": null, "text_response": null, "date_create": "2020-02-03T11:55:26.776Z", "date_update": "2020-02-03T12:26:17.896Z", "order": 0}}, {"model": "AgentManager.button", "pk": 484, "fields": {"name": "RITABOT", "url": null, "payload": "", "slider": 98, "quick_reply": null, "text_response": null, "date_create": "2020-02-03T11:55:26.852Z", "date_update": "2020-02-03T12:26:17.982Z", "order": 0}}, {"model": "analytics.agentstats", "pk": 80, "fields": {"sessionID": "FR145DERF078", "chaine": "Site Web professionel", "adresseIP": "Inconnue", "country": "Inconnue", "platform": "Inconnue", "browser": "Inconnue", "startTime": "2020-01-30T09:01:09.399Z", "endTime": "2020-01-30T09:09:36.383Z", "agent": 118}}, {"model": "analytics.agentstats", "pk": 81, "fields": {"sessionID": "FR145DERF077", "chaine": "Site Web professionel", "adresseIP": "Inconnue", "country": "Inconnue", "platform": "Inconnue", "browser": "Inconnue", "startTime": "2020-01-30T09:16:01.098Z", "endTime": "2020-01-30T09:16:01.244Z", "agent": 118}}, {"model": "analytics.agentstats", "pk": 82, "fields": {"sessionID": "FR145DERF077", "chaine": "Site Web professionel", "adresseIP": "Inconnue", "country": "Inconnue", "platform": "Inconnue", "browser": "Inconnue", "startTime": "2020-01-30T10:14:59.845Z", "endTime": "2020-01-30T10:15:00.040Z", "agent": 1}}, {"model": "analytics.agentstats", "pk": 83, "fields": {"sessionID": "FR145DERF077", "chaine": "Site Web professionel", "adresseIP": "Inconnue", "country": "Inconnue", "platform": "Inconnue", "browser": "Inconnue", "startTime": "2020-01-30T10:17:02.119Z", "endTime": "2020-01-30T10:39:03.201Z", "agent": 2}}, {"model": "analytics.agentstats", "pk": 84, "fields": {"sessionID": "FR145DERF079", "chaine": "Site Web professionel", "adresseIP": "Inconnue", "country": "Inconnue", "platform": "Inconnue", "browser": "Inconnue", "startTime": "2020-01-30T11:23:55.647Z", "endTime": "2020-01-30T11:24:14.966Z", "agent": 118}}, {"model": "analytics.agentstats", "pk": 85, "fields": {"sessionID": "FR145DERF080", "chaine": "Facebook", "adresseIP": "Inconnue", "country": "Inconnue", "platform": "Inconnue", "browser": "Inconnue", "startTime": "2020-01-30T11:24:48.046Z", "endTime": "2020-01-30T11:24:48.244Z", "agent": 118}}, {"model": "analytics.agentstats", "pk": 86, "fields": {"sessionID": "FR145DERF0788", "chaine": "Slack", "adresseIP": "Inconnue", "country": "Inconnue", "platform": "Inconnue", "browser": "Inconnue", "startTime": "2020-01-30T11:31:59.887Z", "endTime": "2020-01-30T11:34:43.620Z", "agent": 118}}, {"model": "analytics.conversation", "pk": 8, "fields": {"inputMsg": "None", "outputIntent": 360, "outputRate": "0.90", "date": "2020-01-30T09:01:09.483Z", "agentStats": 80}}, {"model": "analytics.conversation", "pk": 9, "fields": {"inputMsg": "None", "outputIntent": 360, "outputRate": "0.90", "date": "2020-01-30T09:01:18.672Z", "agentStats": 80}}, {"model": "analytics.conversation", "pk": 10, "fields": {"inputMsg": "None", "outputIntent": 360, "outputRate": "0.90", "date": "2020-01-30T09:01:38.417Z", "agentStats": 80}}, {"model": "analytics.conversation", "pk": 11, "fields": {"inputMsg": "None", "outputIntent": 360, "outputRate": "0.90", "date": "2020-01-30T09:09:10.288Z", "agentStats": 80}}, {"model": "analytics.conversation", "pk": 12, "fields": {"inputMsg": "None", "outputIntent": 360, "outputRate": "0.90", "date": "2020-01-30T09:09:36.289Z", "agentStats": 80}}, {"model": "analytics.conversation", "pk": 13, "fields": {"inputMsg": "None", "outputIntent": 360, "outputRate": "0.90", "date": "2020-01-30T09:16:01.169Z", "agentStats": 81}}, {"model": "analytics.conversation", "pk": 14, "fields": {"inputMsg": "None", "outputIntent": 9, "outputRate": "0.90", "date": "2020-01-30T10:14:59.943Z", "agentStats": 82}}, {"model": "analytics.conversation", "pk": 15, "fields": {"inputMsg": "None", "outputIntent": 2, "outputRate": "0.90", "date": "2020-01-30T10:17:12.340Z", "agentStats": 83}}, {"model": "analytics.conversation", "pk": 16, "fields": {"inputMsg": "None", "outputIntent": 2, "outputRate": "0.90", "date": "2020-01-30T10:17:53.602Z", "agentStats": 83}}, {"model": "analytics.conversation", "pk": 17, "fields": {"inputMsg": "None", "outputIntent": 2, "outputRate": "0.90", "date": "2020-01-30T10:28:41.893Z", "agentStats": 83}}, {"model": "analytics.conversation", "pk": 18, "fields": {"inputMsg": "None", "outputIntent": 2, "outputRate": "0.90", "date": "2020-01-30T10:39:03.060Z", "agentStats": 83}}, {"model": "analytics.conversation", "pk": 19, "fields": {"inputMsg": "None", "outputIntent": 360, "outputRate": "0.90", "date": "2020-01-30T11:23:55.761Z", "agentStats": 84}}, {"model": "analytics.conversation", "pk": 20, "fields": {"inputMsg": "None", "outputIntent": 360, "outputRate": "0.90", "date": "2020-01-30T11:24:14.879Z", "agentStats": 84}}, {"model": "analytics.conversation", "pk": 21, "fields": {"inputMsg": "None", "outputIntent": 360, "outputRate": "0.90", "date": "2020-01-30T11:24:48.135Z", "agentStats": 85}}, {"model": "analytics.conversation", "pk": 22, "fields": {"inputMsg": "None", "outputIntent": 360, "outputRate": "0.90", "date": "2020-01-30T11:31:59.980Z", "agentStats": 86}}, {"model": "analytics.conversation", "pk": 23, "fields": {"inputMsg": "None", "outputIntent": 360, "outputRate": "0.90", "date": "2020-01-30T11:33:05.190Z", "agentStats": 86}}, {"model": "analytics.conversation", "pk": 24, "fields": {"inputMsg": "None", "outputIntent": 360, "outputRate": "0.90", "date": "2020-01-30T11:34:43.531Z", "agentStats": 86}}, {"model": "auth.permission", "pk": 1, "fields": {"name": "Can add log entry", "content_type": 1, "codename": "add_logentry"}}, {"model": "auth.permission", "pk": 2, "fields": {"name": "Can change log entry", "content_type": 1, "codename": "change_logentry"}}, {"model": "auth.permission", "pk": 3, "fields": {"name": "Can delete log entry", "content_type": 1, "codename": "delete_logentry"}}, {"model": "auth.permission", "pk": 4, "fields": {"name": "Can view log entry", "content_type": 1, "codename": "view_logentry"}}, {"model": "auth.permission", "pk": 5, "fields": {"name": "Can add permission", "content_type": 2, "codename": "add_permission"}}, {"model": "auth.permission", "pk": 6, "fields": {"name": "Can change permission", "content_type": 2, "codename": "change_permission"}}, {"model": "auth.permission", "pk": 7, "fields": {"name": "Can delete permission", "content_type": 2, "codename": "delete_permission"}}, {"model": "auth.permission", "pk": 8, "fields": {"name": "Can view permission", "content_type": 2, "codename": "view_permission"}}, {"model": "auth.permission", "pk": 9, "fields": {"name": "Can add group", "content_type": 3, "codename": "add_group"}}, {"model": "auth.permission", "pk": 10, "fields": {"name": "Can change group", "content_type": 3, "codename": "change_group"}}, {"model": "auth.permission", "pk": 11, "fields": {"name": "Can delete group", "content_type": 3, "codename": "delete_group"}}, {"model": "auth.permission", "pk": 12, "fields": {"name": "Can view group", "content_type": 3, "codename": "view_group"}}, {"model": "auth.permission", "pk": 13, "fields": {"name": "Can add content type", "content_type": 4, "codename": "add_contenttype"}}, {"model": "auth.permission", "pk": 14, "fields": {"name": "Can change content type", "content_type": 4, "codename": "change_contenttype"}}, {"model": "auth.permission", "pk": 15, "fields": {"name": "Can delete content type", "content_type": 4, "codename": "delete_contenttype"}}, {"model": "auth.permission", "pk": 16, "fields": {"name": "Can view content type", "content_type": 4, "codename": "view_contenttype"}}, {"model": "auth.permission", "pk": 17, "fields": {"name": "Can add session", "content_type": 5, "codename": "add_session"}}, {"model": "auth.permission", "pk": 18, "fields": {"name": "Can change session", "content_type": 5, "codename": "change_session"}}, {"model": "auth.permission", "pk": 19, "fields": {"name": "Can delete session", "content_type": 5, "codename": "delete_session"}}, {"model": "auth.permission", "pk": 20, "fields": {"name": "Can view session", "content_type": 5, "codename": "view_session"}}, {"model": "auth.permission", "pk": 21, "fields": {"name": "Can add Token", "content_type": 6, "codename": "add_token"}}, {"model": "auth.permission", "pk": 22, "fields": {"name": "Can change Token", "content_type": 6, "codename": "change_token"}}, {"model": "auth.permission", "pk": 23, "fields": {"name": "Can delete Token", "content_type": 6, "codename": "delete_token"}}, {"model": "auth.permission", "pk": 24, "fields": {"name": "Can view Token", "content_type": 6, "codename": "view_token"}}, {"model": "auth.permission", "pk": 25, "fields": {"name": "Can add user profile", "content_type": 7, "codename": "add_userprofile"}}, {"model": "auth.permission", "pk": 26, "fields": {"name": "Can change user profile", "content_type": 7, "codename": "change_userprofile"}}, {"model": "auth.permission", "pk": 27, "fields": {"name": "Can delete user profile", "content_type": 7, "codename": "delete_userprofile"}}, {"model": "auth.permission", "pk": 28, "fields": {"name": "Can view user profile", "content_type": 7, "codename": "view_userprofile"}}, {"model": "auth.permission", "pk": 29, "fields": {"name": "Can add agent", "content_type": 8, "codename": "add_agent"}}, {"model": "auth.permission", "pk": 30, "fields": {"name": "Can change agent", "content_type": 8, "codename": "change_agent"}}, {"model": "auth.permission", "pk": 31, "fields": {"name": "Can delete agent", "content_type": 8, "codename": "delete_agent"}}, {"model": "auth.permission", "pk": 32, "fields": {"name": "Can view agent", "content_type": 8, "codename": "view_agent"}}, {"model": "auth.permission", "pk": 33, "fields": {"name": "Can add user permissions", "content_type": 9, "codename": "add_userpermissions"}}, {"model": "auth.permission", "pk": 34, "fields": {"name": "Can change user permissions", "content_type": 9, "codename": "change_userpermissions"}}, {"model": "auth.permission", "pk": 35, "fields": {"name": "Can delete user permissions", "content_type": 9, "codename": "delete_userpermissions"}}, {"model": "auth.permission", "pk": 36, "fields": {"name": "Can view user permissions", "content_type": 9, "codename": "view_userpermissions"}}, {"model": "auth.permission", "pk": 37, "fields": {"name": "Can add intent", "content_type": 10, "codename": "add_intent"}}, {"model": "auth.permission", "pk": 38, "fields": {"name": "Can change intent", "content_type": 10, "codename": "change_intent"}}, {"model": "auth.permission", "pk": 39, "fields": {"name": "Can delete intent", "content_type": 10, "codename": "delete_intent"}}, {"model": "auth.permission", "pk": 40, "fields": {"name": "Can view intent", "content_type": 10, "codename": "view_intent"}}, {"model": "auth.permission", "pk": 41, "fields": {"name": "Can add block response", "content_type": 11, "codename": "add_blockresponse"}}, {"model": "auth.permission", "pk": 42, "fields": {"name": "Can change block response", "content_type": 11, "codename": "change_blockresponse"}}, {"model": "auth.permission", "pk": 43, "fields": {"name": "Can delete block response", "content_type": 11, "codename": "delete_blockresponse"}}, {"model": "auth.permission", "pk": 44, "fields": {"name": "Can view block response", "content_type": 11, "codename": "view_blockresponse"}}, {"model": "auth.permission", "pk": 45, "fields": {"name": "Can add gallery", "content_type": 12, "codename": "add_gallery"}}, {"model": "auth.permission", "pk": 46, "fields": {"name": "Can change gallery", "content_type": 12, "codename": "change_gallery"}}, {"model": "auth.permission", "pk": 47, "fields": {"name": "Can delete gallery", "content_type": 12, "codename": "delete_gallery"}}, {"model": "auth.permission", "pk": 48, "fields": {"name": "Can view gallery", "content_type": 12, "codename": "view_gallery"}}, {"model": "auth.permission", "pk": 49, "fields": {"name": "Can add mixed response", "content_type": 13, "codename": "add_mixedresponse"}}, {"model": "auth.permission", "pk": 50, "fields": {"name": "Can change mixed response", "content_type": 13, "codename": "change_mixedresponse"}}, {"model": "auth.permission", "pk": 51, "fields": {"name": "Can delete mixed response", "content_type": 13, "codename": "delete_mixedresponse"}}, {"model": "auth.permission", "pk": 52, "fields": {"name": "Can view mixed response", "content_type": 13, "codename": "view_mixedresponse"}}, {"model": "auth.permission", "pk": 53, "fields": {"name": "Can add text response", "content_type": 14, "codename": "add_textresponse"}}, {"model": "auth.permission", "pk": 54, "fields": {"name": "Can change text response", "content_type": 14, "codename": "change_textresponse"}}, {"model": "auth.permission", "pk": 55, "fields": {"name": "Can delete text response", "content_type": 14, "codename": "delete_textresponse"}}, {"model": "auth.permission", "pk": 56, "fields": {"name": "Can view text response", "content_type": 14, "codename": "view_textresponse"}}, {"model": "auth.permission", "pk": 57, "fields": {"name": "Can add slider", "content_type": 15, "codename": "add_slider"}}, {"model": "auth.permission", "pk": 58, "fields": {"name": "Can change slider", "content_type": 15, "codename": "change_slider"}}, {"model": "auth.permission", "pk": 59, "fields": {"name": "Can delete slider", "content_type": 15, "codename": "delete_slider"}}, {"model": "auth.permission", "pk": 60, "fields": {"name": "Can view slider", "content_type": 15, "codename": "view_slider"}}, {"model": "auth.permission", "pk": 61, "fields": {"name": "Can add simple response", "content_type": 16, "codename": "add_simpleresponse"}}, {"model": "auth.permission", "pk": 62, "fields": {"name": "Can change simple response", "content_type": 16, "codename": "change_simpleresponse"}}, {"model": "auth.permission", "pk": 63, "fields": {"name": "Can delete simple response", "content_type": 16, "codename": "delete_simpleresponse"}}, {"model": "auth.permission", "pk": 64, "fields": {"name": "Can view simple response", "content_type": 16, "codename": "view_simpleresponse"}}, {"model": "auth.permission", "pk": 65, "fields": {"name": "Can add random text", "content_type": 17, "codename": "add_randomtext"}}, {"model": "auth.permission", "pk": 66, "fields": {"name": "Can change random text", "content_type": 17, "codename": "change_randomtext"}}, {"model": "auth.permission", "pk": 67, "fields": {"name": "Can delete random text", "content_type": 17, "codename": "delete_randomtext"}}, {"model": "auth.permission", "pk": 68, "fields": {"name": "Can view random text", "content_type": 17, "codename": "view_randomtext"}}, {"model": "auth.permission", "pk": 69, "fields": {"name": "Can add quick reply", "content_type": 18, "codename": "add_quickreply"}}, {"model": "auth.permission", "pk": 70, "fields": {"name": "Can change quick reply", "content_type": 18, "codename": "change_quickreply"}}, {"model": "auth.permission", "pk": 71, "fields": {"name": "Can delete quick reply", "content_type": 18, "codename": "delete_quickreply"}}, {"model": "auth.permission", "pk": 72, "fields": {"name": "Can view quick reply", "content_type": 18, "codename": "view_quickreply"}}, {"model": "auth.permission", "pk": 73, "fields": {"name": "Can add question", "content_type": 19, "codename": "add_question"}}, {"model": "auth.permission", "pk": 74, "fields": {"name": "Can change question", "content_type": 19, "codename": "change_question"}}, {"model": "auth.permission", "pk": 75, "fields": {"name": "Can delete question", "content_type": 19, "codename": "delete_question"}}, {"model": "auth.permission", "pk": 76, "fields": {"name": "Can view question", "content_type": 19, "codename": "view_question"}}, {"model": "auth.permission", "pk": 77, "fields": {"name": "Can add image", "content_type": 20, "codename": "add_image"}}, {"model": "auth.permission", "pk": 78, "fields": {"name": "Can change image", "content_type": 20, "codename": "change_image"}}, {"model": "auth.permission", "pk": 79, "fields": {"name": "Can delete image", "content_type": 20, "codename": "delete_image"}}, {"model": "auth.permission", "pk": 80, "fields": {"name": "Can view image", "content_type": 20, "codename": "view_image"}}, {"model": "auth.permission", "pk": 81, "fields": {"name": "Can add button", "content_type": 21, "codename": "add_button"}}, {"model": "auth.permission", "pk": 82, "fields": {"name": "Can change button", "content_type": 21, "codename": "change_button"}}, {"model": "auth.permission", "pk": 83, "fields": {"name": "Can delete button", "content_type": 21, "codename": "delete_button"}}, {"model": "auth.permission", "pk": 84, "fields": {"name": "Can view button", "content_type": 21, "codename": "view_button"}}, {"model": "auth.permission", "pk": 85, "fields": {"name": "Can add output context", "content_type": 22, "codename": "add_outputcontext"}}, {"model": "auth.permission", "pk": 86, "fields": {"name": "Can change output context", "content_type": 22, "codename": "change_outputcontext"}}, {"model": "auth.permission", "pk": 87, "fields": {"name": "Can delete output context", "content_type": 22, "codename": "delete_outputcontext"}}, {"model": "auth.permission", "pk": 88, "fields": {"name": "Can view output context", "content_type": 22, "codename": "view_outputcontext"}}, {"model": "auth.permission", "pk": 89, "fields": {"name": "Can add input context", "content_type": 23, "codename": "add_inputcontext"}}, {"model": "auth.permission", "pk": 90, "fields": {"name": "Can change input context", "content_type": 23, "codename": "change_inputcontext"}}, {"model": "auth.permission", "pk": 91, "fields": {"name": "Can delete input context", "content_type": 23, "codename": "delete_inputcontext"}}, {"model": "auth.permission", "pk": 92, "fields": {"name": "Can view input context", "content_type": 23, "codename": "view_inputcontext"}}, {"model": "auth.permission", "pk": 93, "fields": {"name": "Can add conversation", "content_type": 24, "codename": "add_conversation"}}, {"model": "auth.permission", "pk": 94, "fields": {"name": "Can change conversation", "content_type": 24, "codename": "change_conversation"}}, {"model": "auth.permission", "pk": 95, "fields": {"name": "Can delete conversation", "content_type": 24, "codename": "delete_conversation"}}, {"model": "auth.permission", "pk": 96, "fields": {"name": "Can view conversation", "content_type": 24, "codename": "view_conversation"}}, {"model": "auth.permission", "pk": 97, "fields": {"name": "Can add agent stats", "content_type": 25, "codename": "add_agentstats"}}, {"model": "auth.permission", "pk": 98, "fields": {"name": "Can change agent stats", "content_type": 25, "codename": "change_agentstats"}}, {"model": "auth.permission", "pk": 99, "fields": {"name": "Can delete agent stats", "content_type": 25, "codename": "delete_agentstats"}}, {"model": "auth.permission", "pk": 100, "fields": {"name": "Can view agent stats", "content_type": 25, "codename": "view_agentstats"}}, {"model": "ProfileManager.userprofile", "pk": 1, "fields": {"password": "pbkdf2_sha256$150000$3U5GKXG9QrMT$887uJatRxuzdQeM/EfF63IYYHEcQ56tofCAL8blkclM=", "is_superuser": true, "username": "hajjej", "email": "hajjej.abdelmonom@gmail.com", "first_name": "hajjej", "last_name": "abdelmonom", "company": "solixy", "last_login": "2020-01-29T13:35:02.477Z", "is_active": true, "is_staff": true, "groups": [], "user_permissions": []}}, {"model": "ProfileManager.userprofile", "pk": 2, "fields": {"password": "pbkdf2_sha256$150000$JlocKzsYY34r$wc6MwoyY7Io4Bse04dBVJolnjD1r14PF1gYqojWdRnw=", "is_superuser": false, "username": "monom", "email": "hajjejabdelmonom@gmail.com", "first_name": "hajjej", "last_name": "abdelmonom", "company": "olixy", "last_login": "2019-12-09T12:01:53.445Z", "is_active": true, "is_staff": false, "groups": [], "user_permissions": []}}, {"model": "ProfileManager.userprofile", "pk": 7, "fields": {"password": "pbkdf2_sha256$150000$90gkfHoR9InA$MjHD7AdXnXc+ypTeQ/2oxLnAdF10Mx/KYYnWrztI1bk=", "is_superuser": false, "username": "mmmm", "email": "mjch.marwa@gmail.com", "first_name": "aa", "last_name": "aa", "company": "aaa", "last_login": "2019-12-18T09:38:38.018Z", "is_active": true, "is_staff": false, "groups": [], "user_permissions": []}}, {"model": "ProfileManager.userprofile", "pk": 8, "fields": {"password": "pbkdf2_sha256$150000$Ag15ru7N5vsF$EC8FwHVO+RKkvmS9+HrbepMpj95q/CSYiMxFfAJVq/8=", "is_superuser": false, "username": "salim", "email": "selim.hafsii@gmail.com", "first_name": "salim", "last_name": "hafsi", "company": "hafsi", "last_login": "2019-12-23T13:47:58.483Z", "is_active": true, "is_staff": false, "groups": [], "user_permissions": []}}, {"model": "ProfileManager.userprofile", "pk": 9, "fields": {"password": "pbkdf2_sha256$150000$O9JhFwYcfzYX$V9ZSpSIjw1RlzbsmakbR1JHGAqRydKt34MC8fYapilk=", "is_superuser": false, "username": "ddd", "email": "salim.hafsi@solixy.com", "first_name": "salilm", "last_name": "hafsi", "company": "sss", "last_login": "2019-12-23T15:11:19.698Z", "is_active": false, "is_staff": false, "groups": [], "user_permissions": []}}, {"model": "AgentManager.userpermissions", "pk": 1, "fields": {"user_profile": 1, "agent": 1, "is_admin": false, "creating_access": true, "reading_access": true, "updating_access": true, "deleting_access": true, "is_active": true}}, {"model": "AgentManager.userpermissions", "pk": 2, "fields": {"user_profile": 1, "agent": 2, "is_admin": true, "creating_access": true, "reading_access": true, "updating_access": true, "deleting_access": true, "is_active": true}}, {"model": "AgentManager.userpermissions", "pk": 58, "fields": {"user_profile": 1, "agent": 57, "is_admin": true, "creating_access": true, "reading_access": true, "updating_access": true, "deleting_access": true, "is_active": true}}, {"model": "AgentManager.userpermissions", "pk": 61, "fields": {"user_profile": 1, "agent": 59, "is_admin": true, "creating_access": true, "reading_access": true, "updating_access": true, "deleting_access": true, "is_active": true}}, {"model": "AgentManager.userpermissions", "pk": 62, "fields": {"user_profile": 2, "agent": 59, "is_admin": false, "creating_access": true, "reading_access": true, "updating_access": true, "deleting_access": true, "is_active": false}}, {"model": "AgentManager.userpermissions", "pk": 63, "fields": {"user_profile": 2, "agent": 2, "is_admin": false, "creating_access": false, "reading_access": false, "updating_access": false, "deleting_access": false, "is_active": false}}, {"model": "AgentManager.userpermissions", "pk": 64, "fields": {"user_profile": 2, "agent": 57, "is_admin": false, "creating_access": false, "reading_access": false, "updating_access": false, "deleting_access": false, "is_active": false}}, {"model": "AgentManager.userpermissions", "pk": 65, "fields": {"user_profile": 1, "agent": 68, "is_admin": true, "creating_access": true, "reading_access": true, "updating_access": true, "deleting_access": true, "is_active": true}}, {"model": "AgentManager.userpermissions", "pk": 66, "fields": {"user_profile": 1, "agent": 69, "is_admin": true, "creating_access": true, "reading_access": true, "updating_access": true, "deleting_access": true, "is_active": true}}, {"model": "AgentManager.userpermissions", "pk": 95, "fields": {"user_profile": 1, "agent": 98, "is_admin": true, "creating_access": true, "reading_access": true, "updating_access": true, "deleting_access": true, "is_active": true}}, {"model": "AgentManager.userpermissions", "pk": 97, "fields": {"user_profile": 1, "agent": 100, "is_admin": true, "creating_access": true, "reading_access": true, "updating_access": true, "deleting_access": true, "is_active": true}}, {"model": "AgentManager.userpermissions", "pk": 99, "fields": {"user_profile": 8, "agent": 101, "is_admin": true, "creating_access": true, "reading_access": true, "updating_access": true, "deleting_access": true, "is_active": true}}, {"model": "AgentManager.userpermissions", "pk": 104, "fields": {"user_profile": 1, "agent": 102, "is_admin": true, "creating_access": true, "reading_access": true, "updating_access": true, "deleting_access": true, "is_active": true}}, {"model": "AgentManager.userpermissions", "pk": 105, "fields": {"user_profile": 1, "agent": 103, "is_admin": true, "creating_access": true, "reading_access": true, "updating_access": true, "deleting_access": true, "is_active": true}}, {"model": "AgentManager.userpermissions", "pk": 106, "fields": {"user_profile": 1, "agent": 104, "is_admin": true, "creating_access": true, "reading_access": true, "updating_access": true, "deleting_access": true, "is_active": true}}, {"model": "AgentManager.userpermissions", "pk": 107, "fields": {"user_profile": 1, "agent": 105, "is_admin": true, "creating_access": true, "reading_access": true, "updating_access": true, "deleting_access": true, "is_active": true}}, {"model": "AgentManager.userpermissions", "pk": 108, "fields": {"user_profile": 1, "agent": 106, "is_admin": true, "creating_access": true, "reading_access": true, "updating_access": true, "deleting_access": true, "is_active": true}}, {"model": "AgentManager.userpermissions", "pk": 109, "fields": {"user_profile": 1, "agent": 107, "is_admin": true, "creating_access": true, "reading_access": true, "updating_access": true, "deleting_access": true, "is_active": true}}, {"model": "AgentManager.userpermissions", "pk": 110, "fields": {"user_profile": 1, "agent": 108, "is_admin": true, "creating_access": true, "reading_access": true, "updating_access": true, "deleting_access": true, "is_active": true}}, {"model": "AgentManager.userpermissions", "pk": 111, "fields": {"user_profile": 1, "agent": 109, "is_admin": true, "creating_access": true, "reading_access": true, "updating_access": true, "deleting_access": true, "is_active": true}}, {"model": "AgentManager.userpermissions", "pk": 112, "fields": {"user_profile": 1, "agent": 110, "is_admin": true, "creating_access": true, "reading_access": true, "updating_access": true, "deleting_access": true, "is_active": true}}, {"model": "AgentManager.userpermissions", "pk": 113, "fields": {"user_profile": 1, "agent": 111, "is_admin": true, "creating_access": true, "reading_access": true, "updating_access": true, "deleting_access": true, "is_active": true}}, {"model": "AgentManager.userpermissions", "pk": 114, "fields": {"user_profile": 1, "agent": 112, "is_admin": true, "creating_access": true, "reading_access": true, "updating_access": true, "deleting_access": true, "is_active": true}}, {"model": "AgentManager.userpermissions", "pk": 115, "fields": {"user_profile": 1, "agent": 113, "is_admin": true, "creating_access": true, "reading_access": true, "updating_access": true, "deleting_access": true, "is_active": true}}, {"model": "AgentManager.userpermissions", "pk": 116, "fields": {"user_profile": 1, "agent": 114, "is_admin": true, "creating_access": true, "reading_access": true, "updating_access": true, "deleting_access": true, "is_active": true}}, {"model": "AgentManager.userpermissions", "pk": 117, "fields": {"user_profile": 1, "agent": 115, "is_admin": true, "creating_access": true, "reading_access": true, "updating_access": true, "deleting_access": true, "is_active": true}}, {"model": "AgentManager.userpermissions", "pk": 118, "fields": {"user_profile": 2, "agent": 116, "is_admin": true, "creating_access": true, "reading_access": true, "updating_access": true, "deleting_access": true, "is_active": true}}, {"model": "AgentManager.userpermissions", "pk": 119, "fields": {"user_profile": 2, "agent": 117, "is_admin": true, "creating_access": true, "reading_access": true, "updating_access": true, "deleting_access": true, "is_active": true}}, {"model": "AgentManager.userpermissions", "pk": 120, "fields": {"user_profile": 1, "agent": 118, "is_admin": true, "creating_access": true, "reading_access": true, "updating_access": true, "deleting_access": true, "is_active": true}}, {"model": "authtoken.token", "pk": "97b7c09ed472cd10882de674559282dcb7e5c471", "fields": {"user": 8, "created": "2019-12-23T13:48:57.944Z"}}, {"model": "authtoken.token", "pk": "adc86edc47eba203cc4e1358e7a1f53d2705a263", "fields": {"user": 2, "created": "2019-12-09T12:02:51.718Z"}}, {"model": "authtoken.token", "pk": "e619abf36bd80410b3854c9573fdc63f94a5a942", "fields": {"user": 1, "created": "2019-12-09T09:40:16.714Z"}}, {"model": "admin.logentry", "pk": 1, "fields": {"action_time": "2019-12-09T11:45:37.683Z", "user": 1, "content_type": 9, "object_id": "2", "object_repr": "hajjej", "action_flag": 2, "change_message": "[{\"changed\": {\"fields\": [\"is_active\"]}}]"}}, {"model": "admin.logentry", "pk": 2, "fields": {"action_time": "2019-12-09T11:46:02.481Z", "user": 1, "content_type": 9, "object_id": "3", "object_repr": "hajjej", "action_flag": 3, "change_message": ""}}, {"model": "admin.logentry", "pk": 3, "fields": {"action_time": "2019-12-09T11:46:20.886Z", "user": 1, "content_type": 9, "object_id": "2", "object_repr": "hajjej", "action_flag": 2, "change_message": "[{\"changed\": {\"fields\": [\"is_admin\", \"is_active\"]}}]"}}, {"model": "admin.logentry", "pk": 4, "fields": {"action_time": "2019-12-09T11:46:53.029Z", "user": 1, "content_type": 9, "object_id": "2", "object_repr": "hajjej", "action_flag": 2, "change_message": "[{\"changed\": {\"fields\": [\"creating_access\"]}}]"}}, {"model": "admin.logentry", "pk": 5, "fields": {"action_time": "2019-12-09T11:47:11.898Z", "user": 1, "content_type": 9, "object_id": "2", "object_repr": "hajjej", "action_flag": 2, "change_message": "[{\"changed\": {\"fields\": [\"creating_access\"]}}]"}}, {"model": "admin.logentry", "pk": 6, "fields": {"action_time": "2019-12-09T11:56:19.060Z", "user": 1, "content_type": 9, "object_id": "2", "object_repr": "hajjej", "action_flag": 2, "change_message": "[{\"changed\": {\"fields\": [\"updating_access\"]}}]"}}, {"model": "admin.logentry", "pk": 7, "fields": {"action_time": "2019-12-09T12:02:35.479Z", "user": 1, "content_type": 7, "object_id": "2", "object_repr": "monom", "action_flag": 2, "change_message": "[{\"changed\": {\"fields\": [\"is_active\"]}}]"}}, {"model": "admin.logentry", "pk": 8, "fields": {"action_time": "2019-12-09T12:03:29.944Z", "user": 1, "content_type": 9, "object_id": "2", "object_repr": "hajjej", "action_flag": 2, "change_message": "[{\"changed\": {\"fields\": [\"is_admin\", \"updating_access\"]}}]"}}, {"model": "admin.logentry", "pk": 9, "fields": {"action_time": "2019-12-09T13:20:38.679Z", "user": 1, "content_type": 8, "object_id": "3", "object_repr": "ICONA", "action_flag": 3, "change_message": ""}}, {"model": "admin.logentry", "pk": 10, "fields": {"action_time": "2019-12-10T11:41:28.258Z", "user": 1, "content_type": 9, "object_id": "1", "object_repr": "hajjej", "action_flag": 2, "change_message": "[{\"changed\": {\"fields\": [\"creating_access\"]}}]"}}, {"model": "admin.logentry", "pk": 11, "fields": {"action_time": "2019-12-10T11:41:55.863Z", "user": 1, "content_type": 9, "object_id": "1", "object_repr": "hajjej", "action_flag": 2, "change_message": "[{\"changed\": {\"fields\": [\"creating_access\"]}}]"}}, {"model": "admin.logentry", "pk": 12, "fields": {"action_time": "2019-12-10T11:42:32.179Z", "user": 1, "content_type": 9, "object_id": "1", "object_repr": "hajjej", "action_flag": 2, "change_message": "[{\"changed\": {\"fields\": [\"is_admin\", \"creating_access\"]}}]"}}, {"model": "admin.logentry", "pk": 13, "fields": {"action_time": "2019-12-10T11:43:12.945Z", "user": 1, "content_type": 9, "object_id": "1", "object_repr": "hajjej", "action_flag": 2, "change_message": "[{\"changed\": {\"fields\": [\"is_admin\", \"creating_access\"]}}]"}}, {"model": "admin.logentry", "pk": 14, "fields": {"action_time": "2019-12-10T11:53:08.227Z", "user": 1, "content_type": 9, "object_id": "5", "object_repr": "monom", "action_flag": 2, "change_message": "[{\"changed\": {\"fields\": [\"deleting_access\"]}}]"}}, {"model": "admin.logentry", "pk": 15, "fields": {"action_time": "2019-12-10T12:01:24.239Z", "user": 1, "content_type": 9, "object_id": "5", "object_repr": "monom", "action_flag": 2, "change_message": "[{\"changed\": {\"fields\": [\"creating_access\"]}}]"}}, {"model": "admin.logentry", "pk": 16, "fields": {"action_time": "2019-12-10T12:01:35.205Z", "user": 1, "content_type": 9, "object_id": "5", "object_repr": "monom", "action_flag": 2, "change_message": "[{\"changed\": {\"fields\": [\"creating_access\", \"reading_access\"]}}]"}}, {"model": "admin.logentry", "pk": 17, "fields": {"action_time": "2019-12-10T12:01:57.187Z", "user": 1, "content_type": 9, "object_id": "5", "object_repr": "monom", "action_flag": 2, "change_message": "[{\"changed\": {\"fields\": [\"reading_access\"]}}]"}}, {"model": "admin.logentry", "pk": 18, "fields": {"action_time": "2019-12-10T15:38:05.035Z", "user": 1, "content_type": 9, "object_id": "2", "object_repr": "hajjej", "action_flag": 2, "change_message": "[{\"changed\": {\"fields\": [\"is_admin\", \"creating_access\"]}}]"}}, {"model": "admin.logentry", "pk": 19, "fields": {"action_time": "2019-12-10T15:38:16.270Z", "user": 1, "content_type": 9, "object_id": "1", "object_repr": "hajjej", "action_flag": 2, "change_message": "[{\"changed\": {\"fields\": [\"is_admin\", \"creating_access\"]}}]"}}, {"model": "admin.logentry", "pk": 20, "fields": {"action_time": "2019-12-10T15:40:37.505Z", "user": 1, "content_type": 9, "object_id": "2", "object_repr": "hajjej", "action_flag": 2, "change_message": "[{\"changed\": {\"fields\": [\"is_admin\", \"creating_access\"]}}]"}}, {"model": "admin.logentry", "pk": 21, "fields": {"action_time": "2019-12-10T15:40:42.999Z", "user": 1, "content_type": 9, "object_id": "1", "object_repr": "hajjej", "action_flag": 2, "change_message": "[{\"changed\": {\"fields\": [\"is_admin\", \"creating_access\"]}}]"}}, {"model": "admin.logentry", "pk": 22, "fields": {"action_time": "2019-12-10T15:41:06.077Z", "user": 1, "content_type": 9, "object_id": "5", "object_repr": "monom", "action_flag": 2, "change_message": "[{\"changed\": {\"fields\": [\"creating_access\"]}}]"}}, {"model": "admin.logentry", "pk": 23, "fields": {"action_time": "2019-12-10T16:00:31.609Z", "user": 1, "content_type": 9, "object_id": "5", "object_repr": "monom", "action_flag": 2, "change_message": "[{\"changed\": {\"fields\": [\"is_admin\", \"creating_access\"]}}]"}}, {"model": "admin.logentry", "pk": 24, "fields": {"action_time": "2019-12-10T16:18:42.129Z", "user": 1, "content_type": 9, "object_id": "1", "object_repr": "hajjej", "action_flag": 2, "change_message": "[{\"changed\": {\"fields\": [\"is_admin\", \"reading_access\"]}}]"}}, {"model": "admin.logentry", "pk": 25, "fields": {"action_time": "2019-12-10T16:19:15.365Z", "user": 1, "content_type": 9, "object_id": "1", "object_repr": "hajjej", "action_flag": 2, "change_message": "[{\"changed\": {\"fields\": [\"reading_access\"]}}]"}}, {"model": "admin.logentry", "pk": 26, "fields": {"action_time": "2019-12-10T16:42:13.314Z", "user": 1, "content_type": 9, "object_id": "1", "object_repr": "hajjej", "action_flag": 2, "change_message": "[{\"changed\": {\"fields\": [\"reading_access\"]}}]"}}, {"model": "admin.logentry", "pk": 27, "fields": {"action_time": "2019-12-10T16:42:24.329Z", "user": 1, "content_type": 9, "object_id": "1", "object_repr": "hajjej", "action_flag": 2, "change_message": "[{\"changed\": {\"fields\": [\"reading_access\"]}}]"}}, {"model": "admin.logentry", "pk": 28, "fields": {"action_time": "2019-12-10T16:43:22.325Z", "user": 1, "content_type": 9, "object_id": "1", "object_repr": "hajjej", "action_flag": 2, "change_message": "[{\"changed\": {\"fields\": [\"creating_access\"]}}]"}}, {"model": "admin.logentry", "pk": 29, "fields": {"action_time": "2019-12-10T16:43:32.128Z", "user": 1, "content_type": 9, "object_id": "1", "object_repr": "hajjej", "action_flag": 2, "change_message": "[{\"changed\": {\"fields\": [\"creating_access\"]}}]"}}, {"model": "admin.logentry", "pk": 30, "fields": {"action_time": "2019-12-13T09:25:32.789Z", "user": 1, "content_type": 8, "object_id": "56", "object_repr": "Abdelmonom", "action_flag": 3, "change_message": ""}}, {"model": "admin.logentry", "pk": 31, "fields": {"action_time": "2019-12-13T09:25:32.867Z", "user": 1, "content_type": 8, "object_id": "55", "object_repr": "Abdelmonom", "action_flag": 3, "change_message": ""}}, {"model": "admin.logentry", "pk": 32, "fields": {"action_time": "2019-12-13T09:25:32.923Z", "user": 1, "content_type": 8, "object_id": "54", "object_repr": "Abdelmonom", "action_flag": 3, "change_message": ""}}, {"model": "admin.logentry", "pk": 33, "fields": {"action_time": "2019-12-13T09:25:32.978Z", "user": 1, "content_type": 8, "object_id": "53", "object_repr": "Abdelmonom", "action_flag": 3, "change_message": ""}}, {"model": "admin.logentry", "pk": 34, "fields": {"action_time": "2019-12-13T09:25:33.033Z", "user": 1, "content_type": 8, "object_id": "52", "object_repr": "Abdelmonom", "action_flag": 3, "change_message": ""}}, {"model": "admin.logentry", "pk": 35, "fields": {"action_time": "2019-12-13T09:25:33.089Z", "user": 1, "content_type": 8, "object_id": "51", "object_repr": "Abdelmonom", "action_flag": 3, "change_message": ""}}, {"model": "admin.logentry", "pk": 36, "fields": {"action_time": "2019-12-13T09:25:33.144Z", "user": 1, "content_type": 8, "object_id": "50", "object_repr": "Abdelmonom", "action_flag": 3, "change_message": ""}}, {"model": "admin.logentry", "pk": 37, "fields": {"action_time": "2019-12-13T09:25:33.199Z", "user": 1, "content_type": 8, "object_id": "49", "object_repr": "django", "action_flag": 3, "change_message": ""}}, {"model": "admin.logentry", "pk": 38, "fields": {"action_time": "2019-12-13T09:25:33.255Z", "user": 1, "content_type": 8, "object_id": "48", "object_repr": "django", "action_flag": 3, "change_message": ""}}, {"model": "admin.logentry", "pk": 39, "fields": {"action_time": "2019-12-13T09:25:33.310Z", "user": 1, "content_type": 8, "object_id": "47", "object_repr": "django", "action_flag": 3, "change_message": ""}}, {"model": "admin.logentry", "pk": 40, "fields": {"action_time": "2019-12-13T09:25:33.365Z", "user": 1, "content_type": 8, "object_id": "46", "object_repr": "django", "action_flag": 3, "change_message": ""}}, {"model": "admin.logentry", "pk": 41, "fields": {"action_time": "2019-12-13T09:25:33.431Z", "user": 1, "content_type": 8, "object_id": "45", "object_repr": "django", "action_flag": 3, "change_message": ""}}, {"model": "admin.logentry", "pk": 42, "fields": {"action_time": "2019-12-13T09:25:33.498Z", "user": 1, "content_type": 8, "object_id": "44", "object_repr": "django", "action_flag": 3, "change_message": ""}}, {"model": "admin.logentry", "pk": 43, "fields": {"action_time": "2019-12-13T09:25:33.564Z", "user": 1, "content_type": 8, "object_id": "43", "object_repr": "django", "action_flag": 3, "change_message": ""}}, {"model": "admin.logentry", "pk": 44, "fields": {"action_time": "2019-12-13T09:25:33.631Z", "user": 1, "content_type": 8, "object_id": "42", "object_repr": "django", "action_flag": 3, "change_message": ""}}, {"model": "admin.logentry", "pk": 45, "fields": {"action_time": "2019-12-13T09:25:33.697Z", "user": 1, "content_type": 8, "object_id": "41", "object_repr": "django", "action_flag": 3, "change_message": ""}}, {"model": "admin.logentry", "pk": 46, "fields": {"action_time": "2019-12-13T09:25:33.764Z", "user": 1, "content_type": 8, "object_id": "40", "object_repr": "django", "action_flag": 3, "change_message": ""}}, {"model": "admin.logentry", "pk": 47, "fields": {"action_time": "2019-12-13T09:25:33.830Z", "user": 1, "content_type": 8, "object_id": "39", "object_repr": "django", "action_flag": 3, "change_message": ""}}, {"model": "admin.logentry", "pk": 48, "fields": {"action_time": "2019-12-13T09:25:33.897Z", "user": 1, "content_type": 8, "object_id": "38", "object_repr": "django", "action_flag": 3, "change_message": ""}}, {"model": "admin.logentry", "pk": 49, "fields": {"action_time": "2019-12-13T09:25:33.963Z", "user": 1, "content_type": 8, "object_id": "37", "object_repr": "django", "action_flag": 3, "change_message": ""}}, {"model": "admin.logentry", "pk": 50, "fields": {"action_time": "2019-12-13T09:25:34.029Z", "user": 1, "content_type": 8, "object_id": "36", "object_repr": "django", "action_flag": 3, "change_message": ""}}, {"model": "admin.logentry", "pk": 51, "fields": {"action_time": "2019-12-13T09:25:34.096Z", "user": 1, "content_type": 8, "object_id": "35", "object_repr": "django", "action_flag": 3, "change_message": ""}}, {"model": "admin.logentry", "pk": 52, "fields": {"action_time": "2019-12-13T09:25:34.273Z", "user": 1, "content_type": 8, "object_id": "34", "object_repr": "django", "action_flag": 3, "change_message": ""}}, {"model": "admin.logentry", "pk": 53, "fields": {"action_time": "2019-12-13T09:25:59.905Z", "user": 1, "content_type": 8, "object_id": "33", "object_repr": "django", "action_flag": 3, "change_message": ""}}, {"model": "admin.logentry", "pk": 54, "fields": {"action_time": "2019-12-13T09:26:00.272Z", "user": 1, "content_type": 8, "object_id": "32", "object_repr": "django", "action_flag": 3, "change_message": ""}}, {"model": "admin.logentry", "pk": 55, "fields": {"action_time": "2019-12-13T09:26:00.420Z", "user": 1, "content_type": 8, "object_id": "31", "object_repr": "django", "action_flag": 3, "change_message": ""}}, {"model": "admin.logentry", "pk": 56, "fields": {"action_time": "2019-12-13T09:26:00.497Z", "user": 1, "content_type": 8, "object_id": "30", "object_repr": "django", "action_flag": 3, "change_message": ""}}, {"model": "admin.logentry", "pk": 57, "fields": {"action_time": "2019-12-13T09:26:00.617Z", "user": 1, "content_type": 8, "object_id": "29", "object_repr": "django", "action_flag": 3, "change_message": ""}}, {"model": "admin.logentry", "pk": 58, "fields": {"action_time": "2019-12-13T09:26:00.688Z", "user": 1, "content_type": 8, "object_id": "28", "object_repr": "django", "action_flag": 3, "change_message": ""}}, {"model": "admin.logentry", "pk": 59, "fields": {"action_time": "2019-12-13T09:26:00.787Z", "user": 1, "content_type": 8, "object_id": "27", "object_repr": "django", "action_flag": 3, "change_message": ""}}, {"model": "admin.logentry", "pk": 60, "fields": {"action_time": "2019-12-13T09:26:00.865Z", "user": 1, "content_type": 8, "object_id": "26", "object_repr": "django", "action_flag": 3, "change_message": ""}}, {"model": "admin.logentry", "pk": 61, "fields": {"action_time": "2019-12-13T09:26:00.942Z", "user": 1, "content_type": 8, "object_id": "25", "object_repr": "django", "action_flag": 3, "change_message": ""}}, {"model": "admin.logentry", "pk": 62, "fields": {"action_time": "2019-12-13T09:26:01.020Z", "user": 1, "content_type": 8, "object_id": "24", "object_repr": "abdelmonom", "action_flag": 3, "change_message": ""}}, {"model": "admin.logentry", "pk": 63, "fields": {"action_time": "2019-12-13T09:26:01.097Z", "user": 1, "content_type": 8, "object_id": "23", "object_repr": "django", "action_flag": 3, "change_message": ""}}, {"model": "admin.logentry", "pk": 64, "fields": {"action_time": "2019-12-13T09:26:01.175Z", "user": 1, "content_type": 8, "object_id": "22", "object_repr": "django", "action_flag": 3, "change_message": ""}}, {"model": "admin.logentry", "pk": 65, "fields": {"action_time": "2019-12-13T09:26:01.252Z", "user": 1, "content_type": 8, "object_id": "21", "object_repr": "django", "action_flag": 3, "change_message": ""}}, {"model": "admin.logentry", "pk": 66, "fields": {"action_time": "2019-12-13T09:26:01.330Z", "user": 1, "content_type": 8, "object_id": "20", "object_repr": "django", "action_flag": 3, "change_message": ""}}, {"model": "admin.logentry", "pk": 67, "fields": {"action_time": "2019-12-13T09:26:01.408Z", "user": 1, "content_type": 8, "object_id": "19", "object_repr": "django", "action_flag": 3, "change_message": ""}}, {"model": "admin.logentry", "pk": 68, "fields": {"action_time": "2019-12-13T09:26:01.496Z", "user": 1, "content_type": 8, "object_id": "18", "object_repr": "abdelmonom", "action_flag": 3, "change_message": ""}}, {"model": "admin.logentry", "pk": 69, "fields": {"action_time": "2019-12-13T09:26:01.585Z", "user": 1, "content_type": 8, "object_id": "17", "object_repr": "django", "action_flag": 3, "change_message": ""}}, {"model": "admin.logentry", "pk": 70, "fields": {"action_time": "2019-12-13T09:26:01.684Z", "user": 1, "content_type": 8, "object_id": "16", "object_repr": "abdelmonom", "action_flag": 3, "change_message": ""}}, {"model": "admin.logentry", "pk": 71, "fields": {"action_time": "2019-12-13T09:26:01.773Z", "user": 1, "content_type": 8, "object_id": "15", "object_repr": "abdelmonom", "action_flag": 3, "change_message": ""}}, {"model": "admin.logentry", "pk": 72, "fields": {"action_time": "2019-12-13T09:26:01.850Z", "user": 1, "content_type": 8, "object_id": "14", "object_repr": "test1hhhgggg", "action_flag": 3, "change_message": ""}}, {"model": "admin.logentry", "pk": 73, "fields": {"action_time": "2019-12-13T09:26:15.116Z", "user": 1, "content_type": 8, "object_id": "9", "object_repr": "ssssss", "action_flag": 3, "change_message": ""}}, {"model": "admin.logentry", "pk": 74, "fields": {"action_time": "2019-12-13T09:26:15.178Z", "user": 1, "content_type": 8, "object_id": "8", "object_repr": "testmonom", "action_flag": 3, "change_message": ""}}, {"model": "admin.logentry", "pk": 75, "fields": {"action_time": "2019-12-13T09:26:15.255Z", "user": 1, "content_type": 8, "object_id": "7", "object_repr": "aaa", "action_flag": 3, "change_message": ""}}, {"model": "admin.logentry", "pk": 76, "fields": {"action_time": "2019-12-13T09:26:15.333Z", "user": 1, "content_type": 8, "object_id": "6", "object_repr": "Test", "action_flag": 3, "change_message": ""}}, {"model": "admin.logentry", "pk": 77, "fields": {"action_time": "2019-12-13T09:26:26.021Z", "user": 1, "content_type": 8, "object_id": "58", "object_repr": "wwwwwwwwwwww", "action_flag": 3, "change_message": ""}}, {"model": "admin.logentry", "pk": 78, "fields": {"action_time": "2019-12-13T09:26:26.126Z", "user": 1, "content_type": 8, "object_id": "13", "object_repr": "test1hhh", "action_flag": 3, "change_message": ""}}, {"model": "admin.logentry", "pk": 79, "fields": {"action_time": "2019-12-13T09:26:26.214Z", "user": 1, "content_type": 8, "object_id": "12", "object_repr": "test1", "action_flag": 3, "change_message": ""}}, {"model": "admin.logentry", "pk": 80, "fields": {"action_time": "2019-12-13T09:26:26.303Z", "user": 1, "content_type": 8, "object_id": "10", "object_repr": "kamell", "action_flag": 3, "change_message": ""}}, {"model": "admin.logentry", "pk": 81, "fields": {"action_time": "2019-12-13T10:08:18.108Z", "user": 1, "content_type": 9, "object_id": "1", "object_repr": "hajjej", "action_flag": 2, "change_message": "[{\"changed\": {\"fields\": [\"deleting_access\"]}}]"}}, {"model": "admin.logentry", "pk": 82, "fields": {"action_time": "2019-12-13T10:08:36.145Z", "user": 1, "content_type": 9, "object_id": "1", "object_repr": "hajjej", "action_flag": 2, "change_message": "[{\"changed\": {\"fields\": [\"updating_access\"]}}]"}}, {"model": "admin.logentry", "pk": 83, "fields": {"action_time": "2019-12-13T10:08:48.045Z", "user": 1, "content_type": 9, "object_id": "1", "object_repr": "hajjej", "action_flag": 2, "change_message": "[{\"changed\": {\"fields\": [\"creating_access\"]}}]"}}, {"model": "admin.logentry", "pk": 84, "fields": {"action_time": "2019-12-13T10:08:59.492Z", "user": 1, "content_type": 9, "object_id": "1", "object_repr": "hajjej", "action_flag": 2, "change_message": "[{\"changed\": {\"fields\": [\"creating_access\", \"reading_access\"]}}]"}}, {"model": "admin.logentry", "pk": 85, "fields": {"action_time": "2019-12-13T10:09:09.161Z", "user": 1, "content_type": 9, "object_id": "1", "object_repr": "hajjej", "action_flag": 2, "change_message": "[{\"changed\": {\"fields\": [\"reading_access\", \"updating_access\", \"deleting_access\"]}}]"}}, {"model": "admin.logentry", "pk": 86, "fields": {"action_time": "2019-12-13T10:36:13.130Z", "user": 1, "content_type": 9, "object_id": "5", "object_repr": "monom", "action_flag": 3, "change_message": ""}}, {"model": "admin.logentry", "pk": 87, "fields": {"action_time": "2019-12-13T10:36:31.947Z", "user": 1, "content_type": 9, "object_id": "4", "object_repr": "monom", "action_flag": 3, "change_message": ""}}, {"model": "admin.logentry", "pk": 88, "fields": {"action_time": "2019-12-13T10:47:07.082Z", "user": 1, "content_type": 9, "object_id": "60", "object_repr": "monom", "action_flag": 3, "change_message": ""}}, {"model": "admin.logentry", "pk": 89, "fields": {"action_time": "2019-12-13T15:43:31.845Z", "user": 1, "content_type": 7, "object_id": "3", "object_repr": "mchm", "action_flag": 3, "change_message": ""}}, {"model": "admin.logentry", "pk": 90, "fields": {"action_time": "2019-12-13T15:43:48.608Z", "user": 1, "content_type": 7, "object_id": "4", "object_repr": "testttttttttt", "action_flag": 3, "change_message": ""}}, {"model": "admin.logentry", "pk": 91, "fields": {"action_time": "2019-12-13T16:11:45.910Z", "user": 1, "content_type": 20, "object_id": "1", "object_repr": "1", "action_flag": 1, "change_message": "[{\"added\": {}}]"}}, {"model": "admin.logentry", "pk": 92, "fields": {"action_time": "2019-12-13T16:12:49.620Z", "user": 1, "content_type": 12, "object_id": "7", "object_repr": "7", "action_flag": 1, "change_message": "[{\"added\": {}}]"}}, {"model": "admin.logentry", "pk": 93, "fields": {"action_time": "2019-12-13T16:13:53.321Z", "user": 1, "content_type": 15, "object_id": "10", "object_repr": "10", "action_flag": 1, "change_message": "[{\"added\": {}}]"}}, {"model": "admin.logentry", "pk": 94, "fields": {"action_time": "2019-12-13T16:22:15.884Z", "user": 1, "content_type": 10, "object_id": "2", "object_repr": "salutation1", "action_flag": 2, "change_message": "[{\"changed\": {\"fields\": [\"name\", \"date_create\"]}}]"}}, {"model": "admin.logentry", "pk": 95, "fields": {"action_time": "2019-12-13T16:22:33.236Z", "user": 1, "content_type": 10, "object_id": "9", "object_repr": "salutation by post", "action_flag": 2, "change_message": "[{\"changed\": {\"fields\": [\"name\"]}}]"}}, {"model": "admin.logentry", "pk": 96, "fields": {"action_time": "2019-12-16T11:50:38.706Z", "user": 1, "content_type": 9, "object_id": "2", "object_repr": "hajjej", "action_flag": 2, "change_message": "[{\"changed\": {\"fields\": [\"reading_access\"]}}]"}}, {"model": "admin.logentry", "pk": 97, "fields": {"action_time": "2019-12-16T11:50:54.797Z", "user": 1, "content_type": 9, "object_id": "2", "object_repr": "hajjej", "action_flag": 2, "change_message": "[{\"changed\": {\"fields\": [\"creating_access\"]}}]"}}, {"model": "admin.logentry", "pk": 98, "fields": {"action_time": "2019-12-16T11:51:22.010Z", "user": 1, "content_type": 9, "object_id": "2", "object_repr": "hajjej", "action_flag": 2, "change_message": "[{\"changed\": {\"fields\": [\"is_admin\", \"creating_access\", \"reading_access\"]}}]"}}, {"model": "admin.logentry", "pk": 99, "fields": {"action_time": "2019-12-16T11:51:36.687Z", "user": 1, "content_type": 9, "object_id": "2", "object_repr": "hajjej", "action_flag": 2, "change_message": "[{\"changed\": {\"fields\": [\"reading_access\"]}}]"}}, {"model": "admin.logentry", "pk": 100, "fields": {"action_time": "2019-12-16T11:51:52.922Z", "user": 1, "content_type": 9, "object_id": "2", "object_repr": "hajjej", "action_flag": 2, "change_message": "[{\"changed\": {\"fields\": [\"reading_access\"]}}]"}}, {"model": "admin.logentry", "pk": 101, "fields": {"action_time": "2019-12-16T11:52:11.020Z", "user": 1, "content_type": 9, "object_id": "2", "object_repr": "hajjej", "action_flag": 2, "change_message": "[{\"changed\": {\"fields\": [\"reading_access\"]}}]"}}, {"model": "admin.logentry", "pk": 102, "fields": {"action_time": "2019-12-16T11:53:30.305Z", "user": 1, "content_type": 9, "object_id": "2", "object_repr": "hajjej", "action_flag": 2, "change_message": "[{\"changed\": {\"fields\": [\"reading_access\"]}}]"}}, {"model": "admin.logentry", "pk": 103, "fields": {"action_time": "2019-12-16T11:53:44.835Z", "user": 1, "content_type": 9, "object_id": "2", "object_repr": "hajjej", "action_flag": 2, "change_message": "[{\"changed\": {\"fields\": [\"creating_access\"]}}]"}}, {"model": "admin.logentry", "pk": 104, "fields": {"action_time": "2019-12-16T11:54:04.819Z", "user": 1, "content_type": 9, "object_id": "2", "object_repr": "hajjej", "action_flag": 2, "change_message": "[{\"changed\": {\"fields\": [\"creating_access\", \"reading_access\"]}}]"}}, {"model": "admin.logentry", "pk": 105, "fields": {"action_time": "2019-12-16T11:57:15.715Z", "user": 1, "content_type": 9, "object_id": "2", "object_repr": "hajjej", "action_flag": 2, "change_message": "[{\"changed\": {\"fields\": [\"reading_access\"]}}]"}}, {"model": "admin.logentry", "pk": 106, "fields": {"action_time": "2019-12-16T11:58:14.307Z", "user": 1, "content_type": 9, "object_id": "2", "object_repr": "hajjej", "action_flag": 2, "change_message": "[{\"changed\": {\"fields\": [\"reading_access\"]}}]"}}, {"model": "admin.logentry", "pk": 107, "fields": {"action_time": "2019-12-16T11:59:06.832Z", "user": 1, "content_type": 9, "object_id": "2", "object_repr": "hajjej", "action_flag": 2, "change_message": "[]"}}, {"model": "admin.logentry", "pk": 108, "fields": {"action_time": "2019-12-16T12:00:13.557Z", "user": 1, "content_type": 9, "object_id": "2", "object_repr": "hajjej", "action_flag": 2, "change_message": "[{\"changed\": {\"fields\": [\"creating_access\", \"reading_access\"]}}]"}}, {"model": "admin.logentry", "pk": 109, "fields": {"action_time": "2019-12-16T12:01:38.377Z", "user": 1, "content_type": 9, "object_id": "2", "object_repr": "hajjej", "action_flag": 2, "change_message": "[{\"changed\": {\"fields\": [\"creating_access\", \"reading_access\"]}}]"}}, {"model": "admin.logentry", "pk": 110, "fields": {"action_time": "2019-12-16T12:03:33.707Z", "user": 1, "content_type": 9, "object_id": "2", "object_repr": "hajjej", "action_flag": 2, "change_message": "[{\"changed\": {\"fields\": [\"reading_access\"]}}]"}}, {"model": "admin.logentry", "pk": 111, "fields": {"action_time": "2019-12-16T14:42:20.285Z", "user": 1, "content_type": 9, "object_id": "2", "object_repr": "hajjej", "action_flag": 2, "change_message": "[{\"changed\": {\"fields\": [\"is_admin\"]}}]"}}, {"model": "admin.logentry", "pk": 112, "fields": {"action_time": "2019-12-16T14:44:24.911Z", "user": 1, "content_type": 8, "object_id": "2", "object_repr": "ICONA", "action_flag": 2, "change_message": "[]"}}, {"model": "admin.logentry", "pk": 113, "fields": {"action_time": "2019-12-16T14:44:43.841Z", "user": 1, "content_type": 8, "object_id": "2", "object_repr": "ICONA1", "action_flag": 2, "change_message": "[{\"changed\": {\"fields\": [\"name\"]}}]"}}, {"model": "admin.logentry", "pk": 114, "fields": {"action_time": "2019-12-16T14:46:07.485Z", "user": 1, "content_type": 10, "object_id": "3", "object_repr": "services", "action_flag": 2, "change_message": "[{\"changed\": {\"fields\": [\"date_create\"]}}]"}}, {"model": "admin.logentry", "pk": 115, "fields": {"action_time": "2019-12-16T14:46:17.699Z", "user": 1, "content_type": 10, "object_id": "4", "object_repr": "products", "action_flag": 2, "change_message": "[{\"changed\": {\"fields\": [\"date_create\"]}}]"}}, {"model": "admin.logentry", "pk": 116, "fields": {"action_time": "2019-12-17T10:27:33.490Z", "user": 1, "content_type": 11, "object_id": "12", "object_repr": "12", "action_flag": 3, "change_message": ""}}, {"model": "admin.logentry", "pk": 117, "fields": {"action_time": "2019-12-17T10:33:32.011Z", "user": 1, "content_type": 11, "object_id": "13", "object_repr": "13", "action_flag": 2, "change_message": "[{\"changed\": {\"fields\": [\"is_complex\"]}}]"}}, {"model": "admin.logentry", "pk": 118, "fields": {"action_time": "2019-12-17T10:35:26.392Z", "user": 1, "content_type": 11, "object_id": "11", "object_repr": "11", "action_flag": 2, "change_message": "[{\"changed\": {\"fields\": [\"is_complex\"]}}]"}}, {"model": "admin.logentry", "pk": 119, "fields": {"action_time": "2019-12-17T10:35:38.539Z", "user": 1, "content_type": 11, "object_id": "10", "object_repr": "10", "action_flag": 3, "change_message": ""}}, {"model": "admin.logentry", "pk": 120, "fields": {"action_time": "2019-12-17T10:36:12.114Z", "user": 1, "content_type": 10, "object_id": "16", "object_repr": "salutation by post", "action_flag": 3, "change_message": ""}}, {"model": "admin.logentry", "pk": 121, "fields": {"action_time": "2019-12-17T10:36:12.205Z", "user": 1, "content_type": 10, "object_id": "15", "object_repr": "Testing Salutation in update method", "action_flag": 3, "change_message": ""}}, {"model": "admin.logentry", "pk": 122, "fields": {"action_time": "2019-12-17T10:36:12.294Z", "user": 1, "content_type": 10, "object_id": "14", "object_repr": "salutation by post", "action_flag": 3, "change_message": ""}}, {"model": "admin.logentry", "pk": 123, "fields": {"action_time": "2019-12-18T09:38:09.708Z", "user": 1, "content_type": 7, "object_id": "5", "object_repr": "ccccc", "action_flag": 3, "change_message": ""}}, {"model": "admin.logentry", "pk": 124, "fields": {"action_time": "2019-12-18T09:38:17.424Z", "user": 1, "content_type": 7, "object_id": "6", "object_repr": "mohmed", "action_flag": 3, "change_message": ""}}, {"model": "admin.logentry", "pk": 125, "fields": {"action_time": "2019-12-19T15:08:06.970Z", "user": 1, "content_type": 23, "object_id": "1", "object_repr": "1", "action_flag": 2, "change_message": "[{\"changed\": {\"fields\": [\"intent\"]}}]"}}, {"model": "admin.logentry", "pk": 126, "fields": {"action_time": "2019-12-19T15:08:46.043Z", "user": 1, "content_type": 23, "object_id": "1", "object_repr": "1", "action_flag": 2, "change_message": "[{\"changed\": {\"fields\": [\"intent\"]}}]"}}, {"model": "admin.logentry", "pk": 127, "fields": {"action_time": "2019-12-19T15:09:04.803Z", "user": 1, "content_type": 22, "object_id": "1", "object_repr": "salutation", "action_flag": 2, "change_message": "[{\"changed\": {\"fields\": [\"intent\"]}}]"}}, {"model": "admin.logentry", "pk": 128, "fields": {"action_time": "2019-12-19T15:16:27.948Z", "user": 1, "content_type": 22, "object_id": "1", "object_repr": "salutationexemple", "action_flag": 2, "change_message": "[{\"changed\": {\"fields\": [\"outContext\"]}}]"}}, {"model": "admin.logentry", "pk": 129, "fields": {"action_time": "2019-12-19T16:13:06.232Z", "user": 1, "content_type": 23, "object_id": "1", "object_repr": "1", "action_flag": 2, "change_message": "[{\"changed\": {\"fields\": [\"intent\"]}}]"}}, {"model": "admin.logentry", "pk": 130, "fields": {"action_time": "2019-12-19T16:16:37.247Z", "user": 1, "content_type": 10, "object_id": "23", "object_repr": "Testing Salutation avec polistesse", "action_flag": 2, "change_message": "[{\"changed\": {\"fields\": [\"agent\"]}}]"}}, {"model": "admin.logentry", "pk": 131, "fields": {"action_time": "2019-12-19T16:20:46.933Z", "user": 1, "content_type": 10, "object_id": "23", "object_repr": "Testing Salutation avec polistesse", "action_flag": 2, "change_message": "[{\"changed\": {\"fields\": [\"agent\"]}}]"}}, {"model": "admin.logentry", "pk": 132, "fields": {"action_time": "2019-12-19T16:22:19.259Z", "user": 1, "content_type": 10, "object_id": "23", "object_repr": "Testing Salutation avec polistesse", "action_flag": 2, "change_message": "[{\"changed\": {\"fields\": [\"agent\"]}}]"}}, {"model": "admin.logentry", "pk": 133, "fields": {"action_time": "2019-12-19T16:23:10.560Z", "user": 1, "content_type": 10, "object_id": "23", "object_repr": "Testing Salutation avec polistesse", "action_flag": 2, "change_message": "[{\"changed\": {\"fields\": [\"agent\"]}}]"}}, {"model": "admin.logentry", "pk": 134, "fields": {"action_time": "2019-12-19T16:24:33.114Z", "user": 1, "content_type": 10, "object_id": "23", "object_repr": "Testing Salutation avec polistesse", "action_flag": 2, "change_message": "[]"}}, {"model": "admin.logentry", "pk": 135, "fields": {"action_time": "2019-12-19T16:29:18.897Z", "user": 1, "content_type": 10, "object_id": "23", "object_repr": "Testing Salutation avec polistesse", "action_flag": 2, "change_message": "[{\"changed\": {\"fields\": [\"agent\"]}}]"}}, {"model": "admin.logentry", "pk": 136, "fields": {"action_time": "2019-12-19T16:29:33.319Z", "user": 1, "content_type": 10, "object_id": "17", "object_repr": "Testing Salutation in update method", "action_flag": 2, "change_message": "[{\"changed\": {\"fields\": [\"agent\"]}}]"}}, {"model": "admin.logentry", "pk": 137, "fields": {"action_time": "2019-12-19T16:29:38.300Z", "user": 1, "content_type": 10, "object_id": "23", "object_repr": "Testing Salutation avec polistesse", "action_flag": 2, "change_message": "[{\"changed\": {\"fields\": [\"agent\"]}}]"}}, {"model": "admin.logentry", "pk": 138, "fields": {"action_time": "2019-12-19T16:32:43.017Z", "user": 1, "content_type": 11, "object_id": "16", "object_repr": "16", "action_flag": 2, "change_message": "[{\"changed\": {\"fields\": [\"is_complex\"]}}]"}}, {"model": "admin.logentry", "pk": 139, "fields": {"action_time": "2019-12-19T16:33:14.945Z", "user": 1, "content_type": 10, "object_id": "17", "object_repr": "Testing Salutation in update method", "action_flag": 2, "change_message": "[{\"changed\": {\"fields\": [\"agent\"]}}]"}}, {"model": "admin.logentry", "pk": 140, "fields": {"action_time": "2019-12-24T11:59:52.688Z", "user": 1, "content_type": 8, "object_id": "92", "object_repr": "testr7", "action_flag": 3, "change_message": ""}}, {"model": "admin.logentry", "pk": 141, "fields": {"action_time": "2019-12-24T11:59:52.852Z", "user": 1, "content_type": 8, "object_id": "91", "object_repr": "testr2", "action_flag": 3, "change_message": ""}}, {"model": "admin.logentry", "pk": 142, "fields": {"action_time": "2019-12-24T11:59:52.963Z", "user": 1, "content_type": 8, "object_id": "90", "object_repr": "testinguploaddefault", "action_flag": 3, "change_message": ""}}, {"model": "admin.logentry", "pk": 143, "fields": {"action_time": "2019-12-24T11:59:53.063Z", "user": 1, "content_type": 8, "object_id": "89", "object_repr": "abdelmonom", "action_flag": 3, "change_message": ""}}, {"model": "admin.logentry", "pk": 144, "fields": {"action_time": "2019-12-24T11:59:53.163Z", "user": 1, "content_type": 8, "object_id": "88", "object_repr": "ssss", "action_flag": 3, "change_message": ""}}, {"model": "admin.logentry", "pk": 145, "fields": {"action_time": "2019-12-24T11:59:53.262Z", "user": 1, "content_type": 8, "object_id": "87", "object_repr": "ddd", "action_flag": 3, "change_message": ""}}, {"model": "admin.logentry", "pk": 146, "fields": {"action_time": "2019-12-24T11:59:53.362Z", "user": 1, "content_type": 8, "object_id": "86", "object_repr": "ddd", "action_flag": 3, "change_message": ""}}, {"model": "admin.logentry", "pk": 147, "fields": {"action_time": "2019-12-24T11:59:53.461Z", "user": 1, "content_type": 8, "object_id": "85", "object_repr": "test1", "action_flag": 3, "change_message": ""}}, {"model": "admin.logentry", "pk": 148, "fields": {"action_time": "2019-12-24T11:59:53.561Z", "user": 1, "content_type": 8, "object_id": "84", "object_repr": "test1", "action_flag": 3, "change_message": ""}}, {"model": "admin.logentry", "pk": 149, "fields": {"action_time": "2019-12-24T11:59:53.671Z", "user": 1, "content_type": 8, "object_id": "83", "object_repr": "tunisia", "action_flag": 3, "change_message": ""}}, {"model": "admin.logentry", "pk": 150, "fields": {"action_time": "2019-12-24T11:59:53.783Z", "user": 1, "content_type": 8, "object_id": "82", "object_repr": "tunisia", "action_flag": 3, "change_message": ""}}, {"model": "admin.logentry", "pk": 151, "fields": {"action_time": "2019-12-24T11:59:53.882Z", "user": 1, "content_type": 8, "object_id": "81", "object_repr": "hichem", "action_flag": 3, "change_message": ""}}, {"model": "admin.logentry", "pk": 152, "fields": {"action_time": "2019-12-24T11:59:53.971Z", "user": 1, "content_type": 8, "object_id": "80", "object_repr": "hichem", "action_flag": 3, "change_message": ""}}, {"model": "admin.logentry", "pk": 153, "fields": {"action_time": "2019-12-24T11:59:54.059Z", "user": 1, "content_type": 8, "object_id": "79", "object_repr": "salimddd", "action_flag": 3, "change_message": ""}}, {"model": "admin.logentry", "pk": 154, "fields": {"action_time": "2019-12-24T11:59:54.148Z", "user": 1, "content_type": 8, "object_id": "78", "object_repr": "salim", "action_flag": 3, "change_message": ""}}, {"model": "admin.logentry", "pk": 155, "fields": {"action_time": "2019-12-24T11:59:54.225Z", "user": 1, "content_type": 8, "object_id": "77", "object_repr": "ssss", "action_flag": 3, "change_message": ""}}, {"model": "admin.logentry", "pk": 156, "fields": {"action_time": "2019-12-24T11:59:54.302Z", "user": 1, "content_type": 8, "object_id": "76", "object_repr": "ssss", "action_flag": 3, "change_message": ""}}, {"model": "admin.logentry", "pk": 157, "fields": {"action_time": "2019-12-24T11:59:54.402Z", "user": 1, "content_type": 8, "object_id": "75", "object_repr": "ddd", "action_flag": 3, "change_message": ""}}, {"model": "admin.logentry", "pk": 158, "fields": {"action_time": "2019-12-24T11:59:54.535Z", "user": 1, "content_type": 8, "object_id": "74", "object_repr": "ddd", "action_flag": 3, "change_message": ""}}, {"model": "admin.logentry", "pk": 159, "fields": {"action_time": "2019-12-24T11:59:54.646Z", "user": 1, "content_type": 8, "object_id": "73", "object_repr": "saliiiim", "action_flag": 3, "change_message": ""}}, {"model": "admin.logentry", "pk": 160, "fields": {"action_time": "2019-12-24T11:59:54.757Z", "user": 1, "content_type": 8, "object_id": "72", "object_repr": "saliiiim", "action_flag": 3, "change_message": ""}}, {"model": "admin.logentry", "pk": 161, "fields": {"action_time": "2019-12-24T11:59:54.878Z", "user": 1, "content_type": 8, "object_id": "71", "object_repr": "salim", "action_flag": 3, "change_message": ""}}, {"model": "admin.logentry", "pk": 162, "fields": {"action_time": "2019-12-24T11:59:54.989Z", "user": 1, "content_type": 8, "object_id": "70", "object_repr": "salim", "action_flag": 3, "change_message": ""}}, {"model": "admin.logentry", "pk": 163, "fields": {"action_time": "2019-12-24T16:35:07.502Z", "user": 1, "content_type": 9, "object_id": "98", "object_repr": "hajjej", "action_flag": 3, "change_message": ""}}, {"model": "admin.logentry", "pk": 164, "fields": {"action_time": "2019-12-25T10:29:15.639Z", "user": 1, "content_type": 9, "object_id": "66", "object_repr": "hajjej", "action_flag": 2, "change_message": "[]"}}, {"model": "admin.logentry", "pk": 165, "fields": {"action_time": "2019-12-25T10:32:24.828Z", "user": 1, "content_type": 9, "object_id": "100", "object_repr": "hajjej", "action_flag": 3, "change_message": ""}}, {"model": "admin.logentry", "pk": 166, "fields": {"action_time": "2019-12-25T10:43:49.579Z", "user": 1, "content_type": 9, "object_id": "101", "object_repr": "hajjej", "action_flag": 2, "change_message": "[{\"changed\": {\"fields\": [\"is_active\"]}}]"}}, {"model": "admin.logentry", "pk": 167, "fields": {"action_time": "2019-12-25T10:45:46.625Z", "user": 1, "content_type": 9, "object_id": "101", "object_repr": "hajjej", "action_flag": 2, "change_message": "[{\"changed\": {\"fields\": [\"is_active\"]}}]"}}, {"model": "admin.logentry", "pk": 168, "fields": {"action_time": "2019-12-25T10:47:15.598Z", "user": 1, "content_type": 9, "object_id": "101", "object_repr": "hajjej", "action_flag": 3, "change_message": ""}}, {"model": "admin.logentry", "pk": 169, "fields": {"action_time": "2020-01-16T15:13:23.973Z", "user": 1, "content_type": 10, "object_id": "75", "object_repr": "testWithQuestionset19", "action_flag": 3, "change_message": ""}}, {"model": "admin.logentry", "pk": 170, "fields": {"action_time": "2020-01-16T15:13:24.067Z", "user": 1, "content_type": 10, "object_id": "74", "object_repr": "testWithQuestionset18", "action_flag": 3, "change_message": ""}}, {"model": "admin.logentry", "pk": 171, "fields": {"action_time": "2020-01-16T15:13:24.144Z", "user": 1, "content_type": 10, "object_id": "73", "object_repr": "testWithQuestionset16", "action_flag": 3, "change_message": ""}}, {"model": "admin.logentry", "pk": 172, "fields": {"action_time": "2020-01-16T15:13:24.221Z", "user": 1, "content_type": 10, "object_id": "72", "object_repr": "testWithQuestionset15", "action_flag": 3, "change_message": ""}}, {"model": "admin.logentry", "pk": 173, "fields": {"action_time": "2020-01-16T15:13:24.299Z", "user": 1, "content_type": 10, "object_id": "71", "object_repr": "testWithQuestionset14", "action_flag": 3, "change_message": ""}}, {"model": "admin.logentry", "pk": 174, "fields": {"action_time": "2020-01-16T15:13:24.412Z", "user": 1, "content_type": 10, "object_id": "70", "object_repr": "testWithQuestionset13", "action_flag": 3, "change_message": ""}}, {"model": "admin.logentry", "pk": 175, "fields": {"action_time": "2020-01-16T15:13:24.508Z", "user": 1, "content_type": 10, "object_id": "69", "object_repr": "testWithQuestionset12", "action_flag": 3, "change_message": ""}}, {"model": "admin.logentry", "pk": 176, "fields": {"action_time": "2020-01-16T15:13:24.608Z", "user": 1, "content_type": 10, "object_id": "68", "object_repr": "testWithQuestionset11", "action_flag": 3, "change_message": ""}}, {"model": "admin.logentry", "pk": 177, "fields": {"action_time": "2020-01-16T15:13:24.707Z", "user": 1, "content_type": 10, "object_id": "67", "object_repr": "testWithQuestionset10", "action_flag": 3, "change_message": ""}}, {"model": "admin.logentry", "pk": 178, "fields": {"action_time": "2020-01-16T15:13:24.807Z", "user": 1, "content_type": 10, "object_id": "66", "object_repr": "testWithQuestionset9", "action_flag": 3, "change_message": ""}}, {"model": "admin.logentry", "pk": 179, "fields": {"action_time": "2020-01-16T15:13:24.907Z", "user": 1, "content_type": 10, "object_id": "65", "object_repr": "testWithQuestionset8", "action_flag": 3, "change_message": ""}}, {"model": "admin.logentry", "pk": 180, "fields": {"action_time": "2020-01-16T15:13:25.006Z", "user": 1, "content_type": 10, "object_id": "64", "object_repr": "testWithQuestionset7", "action_flag": 3, "change_message": ""}}, {"model": "admin.logentry", "pk": 181, "fields": {"action_time": "2020-01-16T15:13:25.106Z", "user": 1, "content_type": 10, "object_id": "63", "object_repr": "testWithQuestionset6", "action_flag": 3, "change_message": ""}}, {"model": "admin.logentry", "pk": 182, "fields": {"action_time": "2020-01-16T15:13:25.205Z", "user": 1, "content_type": 10, "object_id": "62", "object_repr": "testWithQuestionset5", "action_flag": 3, "change_message": ""}}, {"model": "admin.logentry", "pk": 183, "fields": {"action_time": "2020-01-16T15:13:25.305Z", "user": 1, "content_type": 10, "object_id": "61", "object_repr": "testWithQuestionset1", "action_flag": 3, "change_message": ""}}, {"model": "admin.logentry", "pk": 184, "fields": {"action_time": "2020-01-16T15:13:25.405Z", "user": 1, "content_type": 10, "object_id": "60", "object_repr": "testWithQuestionset3", "action_flag": 3, "change_message": ""}}, {"model": "admin.logentry", "pk": 185, "fields": {"action_time": "2020-01-16T15:13:25.478Z", "user": 1, "content_type": 10, "object_id": "59", "object_repr": "testWithQuestionset2", "action_flag": 3, "change_message": ""}}, {"model": "admin.logentry", "pk": 186, "fields": {"action_time": "2020-01-16T15:13:25.555Z", "user": 1, "content_type": 10, "object_id": "58", "object_repr": "testWithQuestionset4", "action_flag": 3, "change_message": ""}}, {"model": "admin.logentry", "pk": 187, "fields": {"action_time": "2020-01-16T15:13:25.637Z", "user": 1, "content_type": 10, "object_id": "57", "object_repr": "testWithQuestionset", "action_flag": 3, "change_message": ""}}, {"model": "admin.logentry", "pk": 188, "fields": {"action_time": "2020-01-16T15:13:25.726Z", "user": 1, "content_type": 10, "object_id": "56", "object_repr": "testWithQuestion", "action_flag": 3, "change_message": ""}}, {"model": "admin.logentry", "pk": 189, "fields": {"action_time": "2020-01-16T15:13:25.836Z", "user": 1, "content_type": 10, "object_id": "55", "object_repr": "test4", "action_flag": 3, "change_message": ""}}, {"model": "admin.logentry", "pk": 190, "fields": {"action_time": "2020-01-16T15:13:25.943Z", "user": 1, "content_type": 10, "object_id": "54", "object_repr": "test", "action_flag": 3, "change_message": ""}}, {"model": "admin.logentry", "pk": 191, "fields": {"action_time": "2020-01-16T15:13:26.042Z", "user": 1, "content_type": 10, "object_id": "53", "object_repr": "abdelmonom", "action_flag": 3, "change_message": ""}}, {"model": "admin.logentry", "pk": 192, "fields": {"action_time": "2020-01-16T15:13:26.158Z", "user": 1, "content_type": 10, "object_id": "52", "object_repr": "hello", "action_flag": 3, "change_message": ""}}, {"model": "admin.logentry", "pk": 193, "fields": {"action_time": "2020-01-16T15:13:26.246Z", "user": 1, "content_type": 10, "object_id": "51", "object_repr": "serviceeswit input contextyrrtrtt", "action_flag": 3, "change_message": ""}}, {"model": "admin.logentry", "pk": 194, "fields": {"action_time": "2020-01-16T15:13:53.639Z", "user": 1, "content_type": 10, "object_id": "50", "object_repr": "serviceeswit input contextyrrtrt", "action_flag": 3, "change_message": ""}}, {"model": "admin.logentry", "pk": 195, "fields": {"action_time": "2020-01-16T15:13:53.733Z", "user": 1, "content_type": 10, "object_id": "49", "object_repr": "serviceeswit input contextyrrtr", "action_flag": 3, "change_message": ""}}, {"model": "admin.logentry", "pk": 196, "fields": {"action_time": "2020-01-16T15:13:53.821Z", "user": 1, "content_type": 10, "object_id": "48", "object_repr": "serviceeswit input contextyrrt", "action_flag": 3, "change_message": ""}}, {"model": "admin.logentry", "pk": 197, "fields": {"action_time": "2020-01-16T15:13:53.910Z", "user": 1, "content_type": 10, "object_id": "46", "object_repr": "serviceeswit input contextyrt", "action_flag": 3, "change_message": ""}}, {"model": "admin.logentry", "pk": 198, "fields": {"action_time": "2020-01-16T15:13:53.998Z", "user": 1, "content_type": 10, "object_id": "45", "object_repr": "serviceeswit input contextyr", "action_flag": 3, "change_message": ""}}, {"model": "admin.logentry", "pk": 199, "fields": {"action_time": "2020-01-16T15:13:54.087Z", "user": 1, "content_type": 10, "object_id": "44", "object_repr": "serviceswit input contextyr", "action_flag": 3, "change_message": ""}}, {"model": "admin.logentry", "pk": 200, "fields": {"action_time": "2020-01-16T15:13:54.176Z", "user": 1, "content_type": 10, "object_id": "43", "object_repr": "serviceswit input contexty", "action_flag": 3, "change_message": ""}}, {"model": "admin.logentry", "pk": 201, "fields": {"action_time": "2020-01-16T15:13:54.264Z", "user": 1, "content_type": 10, "object_id": "42", "object_repr": "serviceswit input context", "action_flag": 3, "change_message": ""}}, {"model": "admin.logentry", "pk": 202, "fields": {"action_time": "2020-01-16T15:13:54.352Z", "user": 1, "content_type": 10, "object_id": "41", "object_repr": "services", "action_flag": 3, "change_message": ""}}, {"model": "admin.logentry", "pk": 203, "fields": {"action_time": "2020-01-16T15:37:35.242Z", "user": 1, "content_type": 10, "object_id": "95", "object_repr": "testWithQuestionset", "action_flag": 3, "change_message": ""}}, {"model": "admin.logentry", "pk": 204, "fields": {"action_time": "2020-01-16T15:37:35.390Z", "user": 1, "content_type": 10, "object_id": "89", "object_repr": "testWithQuestionset19", "action_flag": 3, "change_message": ""}}, {"model": "admin.logentry", "pk": 205, "fields": {"action_time": "2020-01-16T15:37:55.564Z", "user": 1, "content_type": 10, "object_id": "96", "object_repr": "testWithQuestionset", "action_flag": 3, "change_message": ""}}, {"model": "admin.logentry", "pk": 206, "fields": {"action_time": "2020-01-16T15:40:56.173Z", "user": 1, "content_type": 10, "object_id": "98", "object_repr": "testWithQuestionset0", "action_flag": 3, "change_message": ""}}, {"model": "admin.logentry", "pk": 207, "fields": {"action_time": "2020-01-16T15:40:56.306Z", "user": 1, "content_type": 10, "object_id": "97", "object_repr": "testWithQuestionset", "action_flag": 3, "change_message": ""}}, {"model": "admin.logentry", "pk": 208, "fields": {"action_time": "2020-01-16T15:43:15.054Z", "user": 1, "content_type": 10, "object_id": "101", "object_repr": "testWithQuestionset0", "action_flag": 3, "change_message": ""}}, {"model": "admin.logentry", "pk": 209, "fields": {"action_time": "2020-01-16T15:43:15.165Z", "user": 1, "content_type": 10, "object_id": "100", "object_repr": "testWithQuestionset", "action_flag": 3, "change_message": ""}}, {"model": "admin.logentry", "pk": 210, "fields": {"action_time": "2020-01-16T15:43:57.475Z", "user": 1, "content_type": 10, "object_id": "102", "object_repr": "testWithQuestionset0", "action_flag": 3, "change_message": ""}}, {"model": "admin.logentry", "pk": 211, "fields": {"action_time": "2020-01-16T16:34:21.418Z", "user": 1, "content_type": 10, "object_id": "122", "object_repr": "testWithQuestionset13", "action_flag": 3, "change_message": ""}}, {"model": "admin.logentry", "pk": 212, "fields": {"action_time": "2020-01-16T16:34:21.518Z", "user": 1, "content_type": 10, "object_id": "119", "object_repr": "testWithQuestionset12", "action_flag": 3, "change_message": ""}}, {"model": "admin.logentry", "pk": 213, "fields": {"action_time": "2020-01-16T16:34:21.606Z", "user": 1, "content_type": 10, "object_id": "118", "object_repr": "testWithQuestionset11", "action_flag": 3, "change_message": ""}}, {"model": "admin.logentry", "pk": 214, "fields": {"action_time": "2020-01-16T16:34:21.695Z", "user": 1, "content_type": 10, "object_id": "117", "object_repr": "testWithQuestionset10", "action_flag": 3, "change_message": ""}}, {"model": "admin.logentry", "pk": 215, "fields": {"action_time": "2020-01-16T16:34:21.806Z", "user": 1, "content_type": 10, "object_id": "116", "object_repr": "testWithQuestionset09", "action_flag": 3, "change_message": ""}}, {"model": "admin.logentry", "pk": 216, "fields": {"action_time": "2020-01-16T16:34:21.916Z", "user": 1, "content_type": 10, "object_id": "115", "object_repr": "testWithQuestionset08", "action_flag": 3, "change_message": ""}}, {"model": "admin.logentry", "pk": 217, "fields": {"action_time": "2020-01-16T16:34:22.027Z", "user": 1, "content_type": 10, "object_id": "114", "object_repr": "testWithQuestionset07", "action_flag": 3, "change_message": ""}}, {"model": "admin.logentry", "pk": 218, "fields": {"action_time": "2020-01-16T16:34:22.138Z", "user": 1, "content_type": 10, "object_id": "113", "object_repr": "testWithQuestionset05", "action_flag": 3, "change_message": ""}}, {"model": "admin.logentry", "pk": 219, "fields": {"action_time": "2020-01-16T16:34:22.248Z", "user": 1, "content_type": 10, "object_id": "112", "object_repr": "testWithQuestionset04", "action_flag": 3, "change_message": ""}}, {"model": "admin.logentry", "pk": 220, "fields": {"action_time": "2020-01-16T16:34:22.359Z", "user": 1, "content_type": 10, "object_id": "111", "object_repr": "testWithQuestionset03", "action_flag": 3, "change_message": ""}}, {"model": "admin.logentry", "pk": 221, "fields": {"action_time": "2020-01-16T16:34:22.448Z", "user": 1, "content_type": 10, "object_id": "110", "object_repr": "testWithQuestionset0247", "action_flag": 3, "change_message": ""}}, {"model": "admin.logentry", "pk": 222, "fields": {"action_time": "2020-01-16T16:34:22.536Z", "user": 1, "content_type": 10, "object_id": "109", "object_repr": "testWithQuestionset024", "action_flag": 3, "change_message": ""}}, {"model": "admin.logentry", "pk": 223, "fields": {"action_time": "2020-01-16T16:34:22.625Z", "user": 1, "content_type": 10, "object_id": "108", "object_repr": "testWithQuestionset02", "action_flag": 3, "change_message": ""}}, {"model": "admin.logentry", "pk": 224, "fields": {"action_time": "2020-01-16T16:34:22.713Z", "user": 1, "content_type": 10, "object_id": "107", "object_repr": "testWithQuestionset010", "action_flag": 3, "change_message": ""}}, {"model": "admin.logentry", "pk": 225, "fields": {"action_time": "2020-01-16T16:34:22.802Z", "user": 1, "content_type": 10, "object_id": "106", "object_repr": "testWithQuestionset01", "action_flag": 3, "change_message": ""}}, {"model": "admin.logentry", "pk": 226, "fields": {"action_time": "2020-01-16T16:34:22.880Z", "user": 1, "content_type": 10, "object_id": "103", "object_repr": "testWithQuestionset0", "action_flag": 3, "change_message": ""}}, {"model": "admin.logentry", "pk": 227, "fields": {"action_time": "2020-01-16T16:34:50.454Z", "user": 1, "content_type": 10, "object_id": "40", "object_repr": "servics", "action_flag": 3, "change_message": ""}}, {"model": "admin.logentry", "pk": 228, "fields": {"action_time": "2020-01-16T16:34:50.533Z", "user": 1, "content_type": 10, "object_id": "39", "object_repr": "services", "action_flag": 3, "change_message": ""}}, {"model": "admin.logentry", "pk": 229, "fields": {"action_time": "2020-01-16T16:34:50.621Z", "user": 1, "content_type": 10, "object_id": "38", "object_repr": "faz", "action_flag": 3, "change_message": ""}}, {"model": "admin.logentry", "pk": 230, "fields": {"action_time": "2020-01-16T16:34:50.710Z", "user": 1, "content_type": 10, "object_id": "37", "object_repr": "faz", "action_flag": 3, "change_message": ""}}, {"model": "admin.logentry", "pk": 231, "fields": {"action_time": "2020-01-17T09:46:08.564Z", "user": 1, "content_type": 10, "object_id": "145", "object_repr": "testWithQuestionset8", "action_flag": 3, "change_message": ""}}, {"model": "admin.logentry", "pk": 232, "fields": {"action_time": "2020-01-17T09:46:08.707Z", "user": 1, "content_type": 10, "object_id": "143", "object_repr": "testWithQuestionset7", "action_flag": 3, "change_message": ""}}, {"model": "admin.logentry", "pk": 233, "fields": {"action_time": "2020-01-17T09:46:08.789Z", "user": 1, "content_type": 10, "object_id": "142", "object_repr": "testWithQuestionset6", "action_flag": 3, "change_message": ""}}, {"model": "admin.logentry", "pk": 234, "fields": {"action_time": "2020-01-17T09:46:08.910Z", "user": 1, "content_type": 10, "object_id": "139", "object_repr": "testWithQuestionset5", "action_flag": 3, "change_message": ""}}, {"model": "admin.logentry", "pk": 235, "fields": {"action_time": "2020-01-17T09:46:08.999Z", "user": 1, "content_type": 10, "object_id": "137", "object_repr": "testWithQuestionset4", "action_flag": 3, "change_message": ""}}, {"model": "admin.logentry", "pk": 236, "fields": {"action_time": "2020-01-17T09:46:09.098Z", "user": 1, "content_type": 10, "object_id": "132", "object_repr": "testWithQuestionset3", "action_flag": 3, "change_message": ""}}, {"model": "admin.logentry", "pk": 237, "fields": {"action_time": "2020-01-17T09:46:09.183Z", "user": 1, "content_type": 10, "object_id": "127", "object_repr": "testWithQuestionset", "action_flag": 3, "change_message": ""}}, {"model": "admin.logentry", "pk": 238, "fields": {"action_time": "2020-01-17T09:46:09.276Z", "user": 1, "content_type": 10, "object_id": "126", "object_repr": "testWithQuestionset14", "action_flag": 3, "change_message": ""}}, {"model": "admin.logentry", "pk": 239, "fields": {"action_time": "2020-01-17T09:53:49.849Z", "user": 1, "content_type": 10, "object_id": "147", "object_repr": "testWithQuestionset9", "action_flag": 3, "change_message": ""}}, {"model": "admin.logentry", "pk": 240, "fields": {"action_time": "2020-01-17T09:53:49.942Z", "user": 1, "content_type": 10, "object_id": "146", "object_repr": "testWithQuestionset8", "action_flag": 3, "change_message": ""}}, {"model": "admin.logentry", "pk": 241, "fields": {"action_time": "2020-01-17T09:56:05.240Z", "user": 1, "content_type": 10, "object_id": "148", "object_repr": "testWithQuestionset9", "action_flag": 3, "change_message": ""}}, {"model": "admin.logentry", "pk": 242, "fields": {"action_time": "2020-01-17T09:58:39.247Z", "user": 1, "content_type": 10, "object_id": "150", "object_repr": "testWithQuestionset", "action_flag": 3, "change_message": ""}}, {"model": "admin.logentry", "pk": 243, "fields": {"action_time": "2020-01-17T09:58:39.417Z", "user": 1, "content_type": 10, "object_id": "149", "object_repr": "testWithQuestionset9", "action_flag": 3, "change_message": ""}}, {"model": "admin.logentry", "pk": 244, "fields": {"action_time": "2020-01-17T10:09:34.131Z", "user": 1, "content_type": 10, "object_id": "151", "object_repr": "testWithQuestionset", "action_flag": 3, "change_message": ""}}, {"model": "admin.logentry", "pk": 245, "fields": {"action_time": "2020-01-17T10:36:16.902Z", "user": 1, "content_type": 10, "object_id": "161", "object_repr": "testWithQuestionsetr", "action_flag": 3, "change_message": ""}}, {"model": "admin.logentry", "pk": 246, "fields": {"action_time": "2020-01-17T10:36:17.092Z", "user": 1, "content_type": 10, "object_id": "158", "object_repr": "testWithQuestionset", "action_flag": 3, "change_message": ""}}, {"model": "admin.logentry", "pk": 247, "fields": {"action_time": "2020-01-17T10:49:36.545Z", "user": 1, "content_type": 10, "object_id": "164", "object_repr": "testWithQuestionsetr", "action_flag": 3, "change_message": ""}}, {"model": "admin.logentry", "pk": 248, "fields": {"action_time": "2020-01-17T11:01:41.687Z", "user": 1, "content_type": 10, "object_id": "169", "object_repr": "testWithQuestionsetr", "action_flag": 3, "change_message": ""}}, {"model": "admin.logentry", "pk": 249, "fields": {"action_time": "2020-01-17T11:03:30.259Z", "user": 1, "content_type": 10, "object_id": "171", "object_repr": "testWithQuestionsetre", "action_flag": 3, "change_message": ""}}, {"model": "admin.logentry", "pk": 250, "fields": {"action_time": "2020-01-17T11:04:40.310Z", "user": 1, "content_type": 10, "object_id": "172", "object_repr": "testWithQuestionsetre", "action_flag": 3, "change_message": ""}}, {"model": "admin.logentry", "pk": 251, "fields": {"action_time": "2020-01-17T11:09:09.497Z", "user": 1, "content_type": 10, "object_id": "170", "object_repr": "testWithQuestionsetr", "action_flag": 3, "change_message": ""}}, {"model": "admin.logentry", "pk": 252, "fields": {"action_time": "2020-01-17T11:11:32.612Z", "user": 1, "content_type": 10, "object_id": "173", "object_repr": "testWithQuestionsetre", "action_flag": 3, "change_message": ""}}, {"model": "admin.logentry", "pk": 253, "fields": {"action_time": "2020-01-17T11:13:13.447Z", "user": 1, "content_type": 10, "object_id": "175", "object_repr": "testWithQuestionsetre", "action_flag": 3, "change_message": ""}}, {"model": "admin.logentry", "pk": 254, "fields": {"action_time": "2020-01-17T11:32:32.979Z", "user": 1, "content_type": 10, "object_id": "176", "object_repr": "testWithQuestionsetre", "action_flag": 3, "change_message": ""}}, {"model": "admin.logentry", "pk": 255, "fields": {"action_time": "2020-01-17T11:34:17.276Z", "user": 1, "content_type": 10, "object_id": "177", "object_repr": "testWithQuestionsetre", "action_flag": 3, "change_message": ""}}, {"model": "admin.logentry", "pk": 256, "fields": {"action_time": "2020-01-17T11:36:07.946Z", "user": 1, "content_type": 10, "object_id": "178", "object_repr": "testWithQuestionsetre", "action_flag": 3, "change_message": ""}}, {"model": "admin.logentry", "pk": 257, "fields": {"action_time": "2020-01-17T11:38:37.984Z", "user": 1, "content_type": 10, "object_id": "179", "object_repr": "testWithQuestionsetre", "action_flag": 3, "change_message": ""}}, {"model": "admin.logentry", "pk": 258, "fields": {"action_time": "2020-01-17T11:40:51.300Z", "user": 1, "content_type": 10, "object_id": "180", "object_repr": "testWithQuestionsetre", "action_flag": 3, "change_message": ""}}, {"model": "admin.logentry", "pk": 259, "fields": {"action_time": "2020-01-17T11:45:33.790Z", "user": 1, "content_type": 10, "object_id": "182", "object_repr": "testWithQuestionsetre7", "action_flag": 3, "change_message": ""}}, {"model": "admin.logentry", "pk": 260, "fields": {"action_time": "2020-01-17T11:45:33.930Z", "user": 1, "content_type": 10, "object_id": "181", "object_repr": "testWithQuestionsetre", "action_flag": 3, "change_message": ""}}, {"model": "admin.logentry", "pk": 261, "fields": {"action_time": "2020-01-17T11:47:17.777Z", "user": 1, "content_type": 10, "object_id": "183", "object_repr": "testWithQuestionsetre7", "action_flag": 3, "change_message": ""}}, {"model": "admin.logentry", "pk": 262, "fields": {"action_time": "2020-01-17T11:50:12.587Z", "user": 1, "content_type": 10, "object_id": "184", "object_repr": "testWithQuestionsetre7", "action_flag": 3, "change_message": ""}}, {"model": "admin.logentry", "pk": 263, "fields": {"action_time": "2020-01-17T11:51:40.374Z", "user": 1, "content_type": 10, "object_id": "185", "object_repr": "testWithQuestionsetre7", "action_flag": 3, "change_message": ""}}, {"model": "admin.logentry", "pk": 264, "fields": {"action_time": "2020-01-17T11:57:09.053Z", "user": 1, "content_type": 10, "object_id": "191", "object_repr": "testWithQuestionsetre777787", "action_flag": 3, "change_message": ""}}, {"model": "admin.logentry", "pk": 265, "fields": {"action_time": "2020-01-17T11:57:09.156Z", "user": 1, "content_type": 10, "object_id": "190", "object_repr": "testWithQuestionsetre77778", "action_flag": 3, "change_message": ""}}, {"model": "admin.logentry", "pk": 266, "fields": {"action_time": "2020-01-17T11:57:09.262Z", "user": 1, "content_type": 10, "object_id": "189", "object_repr": "testWithQuestionsetre7777", "action_flag": 3, "change_message": ""}}, {"model": "admin.logentry", "pk": 267, "fields": {"action_time": "2020-01-17T11:57:09.340Z", "user": 1, "content_type": 10, "object_id": "188", "object_repr": "testWithQuestionsetre777", "action_flag": 3, "change_message": ""}}, {"model": "admin.logentry", "pk": 268, "fields": {"action_time": "2020-01-17T11:57:09.417Z", "user": 1, "content_type": 10, "object_id": "187", "object_repr": "testWithQuestionsetre77", "action_flag": 3, "change_message": ""}}, {"model": "admin.logentry", "pk": 269, "fields": {"action_time": "2020-01-17T11:57:09.495Z", "user": 1, "content_type": 10, "object_id": "186", "object_repr": "testWithQuestionsetre7", "action_flag": 3, "change_message": ""}}, {"model": "admin.logentry", "pk": 270, "fields": {"action_time": "2020-01-17T12:02:08.633Z", "user": 1, "content_type": 10, "object_id": "192", "object_repr": "testWithQuestionsetre777787", "action_flag": 3, "change_message": ""}}, {"model": "admin.logentry", "pk": 271, "fields": {"action_time": "2020-01-17T12:09:31.336Z", "user": 1, "content_type": 10, "object_id": "196", "object_repr": "testWithQuestionsetre0", "action_flag": 3, "change_message": ""}}, {"model": "admin.logentry", "pk": 272, "fields": {"action_time": "2020-01-17T12:09:31.469Z", "user": 1, "content_type": 10, "object_id": "195", "object_repr": "testWithQuestionsetre", "action_flag": 3, "change_message": ""}}, {"model": "admin.logentry", "pk": 273, "fields": {"action_time": "2020-01-17T12:33:10.484Z", "user": 1, "content_type": 10, "object_id": "201", "object_repr": "testWithQuestionsetre1", "action_flag": 3, "change_message": ""}}, {"model": "admin.logentry", "pk": 274, "fields": {"action_time": "2020-01-17T14:15:29.070Z", "user": 1, "content_type": 10, "object_id": "202", "object_repr": "testWithQuestionsetre1", "action_flag": 3, "change_message": ""}}, {"model": "admin.logentry", "pk": 275, "fields": {"action_time": "2020-01-17T14:23:22.327Z", "user": 1, "content_type": 10, "object_id": "205", "object_repr": "testWithQuestionsetre1", "action_flag": 3, "change_message": ""}}, {"model": "admin.logentry", "pk": 276, "fields": {"action_time": "2020-01-17T14:32:08.997Z", "user": 1, "content_type": 10, "object_id": "210", "object_repr": "testWithQuestionsetre1", "action_flag": 3, "change_message": ""}}, {"model": "admin.logentry", "pk": 277, "fields": {"action_time": "2020-01-17T14:38:41.030Z", "user": 1, "content_type": 10, "object_id": "211", "object_repr": "testWithQuestionsetre1", "action_flag": 3, "change_message": ""}}, {"model": "admin.logentry", "pk": 278, "fields": {"action_time": "2020-01-17T15:33:32.140Z", "user": 1, "content_type": 10, "object_id": "219", "object_repr": "testWithQuestionsetre1", "action_flag": 3, "change_message": ""}}, {"model": "admin.logentry", "pk": 279, "fields": {"action_time": "2020-01-17T16:13:10.113Z", "user": 1, "content_type": 10, "object_id": "222", "object_repr": "testWithQuestionsetre2", "action_flag": 3, "change_message": ""}}, {"model": "admin.logentry", "pk": 280, "fields": {"action_time": "2020-01-17T16:13:10.245Z", "user": 1, "content_type": 10, "object_id": "221", "object_repr": "testWithQuestionsetre1", "action_flag": 3, "change_message": ""}}, {"model": "admin.logentry", "pk": 281, "fields": {"action_time": "2020-01-17T16:43:55.284Z", "user": 1, "content_type": 10, "object_id": "229", "object_repr": "testWithQuestionsetre42", "action_flag": 3, "change_message": ""}}, {"model": "admin.logentry", "pk": 282, "fields": {"action_time": "2020-01-17T16:46:34.349Z", "user": 1, "content_type": 10, "object_id": "230", "object_repr": "testWithQuestionsetre42", "action_flag": 3, "change_message": ""}}, {"model": "admin.logentry", "pk": 283, "fields": {"action_time": "2020-01-17T16:46:34.445Z", "user": 1, "content_type": 10, "object_id": "231", "object_repr": "testWithQuestionsetre", "action_flag": 3, "change_message": ""}}, {"model": "admin.logentry", "pk": 284, "fields": {"action_time": "2020-01-17T17:03:15.583Z", "user": 1, "content_type": 10, "object_id": "235", "object_repr": "testWithQuestionsetre870", "action_flag": 3, "change_message": ""}}, {"model": "admin.logentry", "pk": 285, "fields": {"action_time": "2020-01-17T17:04:26.762Z", "user": 1, "content_type": 10, "object_id": "236", "object_repr": "testWithQuestionsetre870", "action_flag": 3, "change_message": ""}}, {"model": "admin.logentry", "pk": 286, "fields": {"action_time": "2020-01-17T17:11:33.877Z", "user": 1, "content_type": 10, "object_id": "237", "object_repr": "testWithQuestionsetre870", "action_flag": 3, "change_message": ""}}, {"model": "admin.logentry", "pk": 287, "fields": {"action_time": "2020-01-19T19:37:38.036Z", "user": 1, "content_type": 10, "object_id": "238", "object_repr": "testWithQuestionsetre870", "action_flag": 3, "change_message": ""}}, {"model": "admin.logentry", "pk": 288, "fields": {"action_time": "2020-01-19T19:37:38.199Z", "user": 1, "content_type": 10, "object_id": "233", "object_repr": "testWithQuestionsetre87", "action_flag": 3, "change_message": ""}}, {"model": "admin.logentry", "pk": 289, "fields": {"action_time": "2020-01-19T19:37:38.322Z", "user": 1, "content_type": 10, "object_id": "232", "object_repr": "testWithQuestionsetre", "action_flag": 3, "change_message": ""}}, {"model": "admin.logentry", "pk": 290, "fields": {"action_time": "2020-01-19T19:55:49.064Z", "user": 1, "content_type": 10, "object_id": "243", "object_repr": "testWithQuestionsetre", "action_flag": 3, "change_message": ""}}, {"model": "admin.logentry", "pk": 291, "fields": {"action_time": "2020-01-19T19:57:59.699Z", "user": 1, "content_type": 10, "object_id": "244", "object_repr": "testWithQuestionsetre", "action_flag": 3, "change_message": ""}}, {"model": "admin.logentry", "pk": 292, "fields": {"action_time": "2020-01-19T20:01:17.860Z", "user": 1, "content_type": 10, "object_id": "245", "object_repr": "testWithQuestionsetre", "action_flag": 3, "change_message": ""}}, {"model": "admin.logentry", "pk": 293, "fields": {"action_time": "2020-01-19T20:03:52.266Z", "user": 1, "content_type": 10, "object_id": "246", "object_repr": "testWithQuestionsetre", "action_flag": 3, "change_message": ""}}, {"model": "admin.logentry", "pk": 294, "fields": {"action_time": "2020-01-19T20:04:10.959Z", "user": 1, "content_type": 10, "object_id": "247", "object_repr": "testWithQuestionsetre", "action_flag": 3, "change_message": ""}}, {"model": "admin.logentry", "pk": 295, "fields": {"action_time": "2020-01-19T20:07:28.586Z", "user": 1, "content_type": 10, "object_id": "248", "object_repr": "testWithQuestionsetre", "action_flag": 3, "change_message": ""}}, {"model": "admin.logentry", "pk": 296, "fields": {"action_time": "2020-01-19T20:10:44.034Z", "user": 1, "content_type": 10, "object_id": "249", "object_repr": "testWithQuestionsetre", "action_flag": 3, "change_message": ""}}, {"model": "admin.logentry", "pk": 297, "fields": {"action_time": "2020-01-19T20:12:19.670Z", "user": 1, "content_type": 10, "object_id": "250", "object_repr": "testWithQuestionsetre", "action_flag": 3, "change_message": ""}}, {"model": "admin.logentry", "pk": 298, "fields": {"action_time": "2020-01-19T20:14:47.518Z", "user": 1, "content_type": 10, "object_id": "251", "object_repr": "testWithQuestionsetre", "action_flag": 3, "change_message": ""}}, {"model": "admin.logentry", "pk": 299, "fields": {"action_time": "2020-01-19T20:15:20.484Z", "user": 1, "content_type": 10, "object_id": "252", "object_repr": "testWithQuestionsetre", "action_flag": 3, "change_message": ""}}, {"model": "admin.logentry", "pk": 300, "fields": {"action_time": "2020-01-19T20:24:47.016Z", "user": 1, "content_type": 10, "object_id": "253", "object_repr": "testWithQuestionsetre", "action_flag": 3, "change_message": ""}}, {"model": "admin.logentry", "pk": 301, "fields": {"action_time": "2020-01-19T20:45:50.757Z", "user": 1, "content_type": 10, "object_id": "269", "object_repr": "testWithQuestionsetre16", "action_flag": 3, "change_message": ""}}, {"model": "admin.logentry", "pk": 302, "fields": {"action_time": "2020-01-19T20:45:50.851Z", "user": 1, "content_type": 10, "object_id": "268", "object_repr": "testWithQuestionsetre15", "action_flag": 3, "change_message": ""}}, {"model": "admin.logentry", "pk": 303, "fields": {"action_time": "2020-01-19T20:45:50.961Z", "user": 1, "content_type": 10, "object_id": "267", "object_repr": "testWithQuestionsetre14", "action_flag": 3, "change_message": ""}}, {"model": "admin.logentry", "pk": 304, "fields": {"action_time": "2020-01-19T20:45:51.050Z", "user": 1, "content_type": 10, "object_id": "266", "object_repr": "testWithQuestionsetre13", "action_flag": 3, "change_message": ""}}, {"model": "admin.logentry", "pk": 305, "fields": {"action_time": "2020-01-19T20:45:51.139Z", "user": 1, "content_type": 10, "object_id": "265", "object_repr": "testWithQuestionsetre12", "action_flag": 3, "change_message": ""}}, {"model": "admin.logentry", "pk": 306, "fields": {"action_time": "2020-01-19T20:45:51.227Z", "user": 1, "content_type": 10, "object_id": "264", "object_repr": "testWithQuestionsetre11", "action_flag": 3, "change_message": ""}}, {"model": "admin.logentry", "pk": 307, "fields": {"action_time": "2020-01-19T20:45:51.300Z", "user": 1, "content_type": 10, "object_id": "263", "object_repr": "testWithQuestionsetre10", "action_flag": 3, "change_message": ""}}, {"model": "admin.logentry", "pk": 308, "fields": {"action_time": "2020-01-19T20:45:51.378Z", "user": 1, "content_type": 10, "object_id": "262", "object_repr": "testWithQuestionsetre9", "action_flag": 3, "change_message": ""}}, {"model": "admin.logentry", "pk": 309, "fields": {"action_time": "2020-01-19T20:45:51.460Z", "user": 1, "content_type": 10, "object_id": "261", "object_repr": "testWithQuestionsetre8", "action_flag": 3, "change_message": ""}}, {"model": "admin.logentry", "pk": 310, "fields": {"action_time": "2020-01-19T20:45:51.599Z", "user": 1, "content_type": 10, "object_id": "260", "object_repr": "testWithQuestionsetre7", "action_flag": 3, "change_message": ""}}, {"model": "admin.logentry", "pk": 311, "fields": {"action_time": "2020-01-19T20:45:51.688Z", "user": 1, "content_type": 10, "object_id": "259", "object_repr": "testWithQuestionsetre6", "action_flag": 3, "change_message": ""}}, {"model": "admin.logentry", "pk": 312, "fields": {"action_time": "2020-01-19T20:45:51.770Z", "user": 1, "content_type": 10, "object_id": "258", "object_repr": "testWithQuestionsetre5", "action_flag": 3, "change_message": ""}}, {"model": "admin.logentry", "pk": 313, "fields": {"action_time": "2020-01-19T20:45:51.858Z", "user": 1, "content_type": 10, "object_id": "257", "object_repr": "testWithQuestionsetre4", "action_flag": 3, "change_message": ""}}, {"model": "admin.logentry", "pk": 314, "fields": {"action_time": "2020-01-19T20:45:51.947Z", "user": 1, "content_type": 10, "object_id": "256", "object_repr": "testWithQuestionsetre3", "action_flag": 3, "change_message": ""}}, {"model": "admin.logentry", "pk": 315, "fields": {"action_time": "2020-01-19T20:45:52.035Z", "user": 1, "content_type": 10, "object_id": "255", "object_repr": "testWithQuestionsetre2", "action_flag": 3, "change_message": ""}}, {"model": "admin.logentry", "pk": 316, "fields": {"action_time": "2020-01-19T20:45:52.124Z", "user": 1, "content_type": 10, "object_id": "254", "object_repr": "testWithQuestionsetre", "action_flag": 3, "change_message": ""}}, {"model": "admin.logentry", "pk": 317, "fields": {"action_time": "2020-01-20T09:39:18.150Z", "user": 1, "content_type": 10, "object_id": "274", "object_repr": "testWithQuestionsetre5", "action_flag": 3, "change_message": ""}}, {"model": "admin.logentry", "pk": 318, "fields": {"action_time": "2020-01-20T09:39:18.246Z", "user": 1, "content_type": 10, "object_id": "273", "object_repr": "testWithQuestionsetre4", "action_flag": 3, "change_message": ""}}, {"model": "admin.logentry", "pk": 319, "fields": {"action_time": "2020-01-20T09:39:18.329Z", "user": 1, "content_type": 10, "object_id": "272", "object_repr": "testWithQuestionsetre3", "action_flag": 3, "change_message": ""}}, {"model": "admin.logentry", "pk": 320, "fields": {"action_time": "2020-01-20T09:39:18.418Z", "user": 1, "content_type": 10, "object_id": "271", "object_repr": "testWithQuestionsetre2", "action_flag": 3, "change_message": ""}}, {"model": "admin.logentry", "pk": 321, "fields": {"action_time": "2020-01-20T09:39:18.495Z", "user": 1, "content_type": 10, "object_id": "270", "object_repr": "testWithQuestionsetre", "action_flag": 3, "change_message": ""}}, {"model": "admin.logentry", "pk": 322, "fields": {"action_time": "2020-01-20T09:40:57.994Z", "user": 1, "content_type": 10, "object_id": "275", "object_repr": "testWithQuestionsetre5", "action_flag": 3, "change_message": ""}}, {"model": "admin.logentry", "pk": 323, "fields": {"action_time": "2020-01-20T09:46:43.630Z", "user": 1, "content_type": 10, "object_id": "276", "object_repr": "testWithQuestionsetre5", "action_flag": 3, "change_message": ""}}, {"model": "admin.logentry", "pk": 324, "fields": {"action_time": "2020-01-20T09:59:21.374Z", "user": 1, "content_type": 10, "object_id": "279", "object_repr": "testWithQuestionsetre", "action_flag": 3, "change_message": ""}}, {"model": "admin.logentry", "pk": 325, "fields": {"action_time": "2020-01-20T10:01:39.015Z", "user": 1, "content_type": 10, "object_id": "280", "object_repr": "testWithQuestionsetre", "action_flag": 3, "change_message": ""}}, {"model": "admin.logentry", "pk": 326, "fields": {"action_time": "2020-01-20T10:34:33.955Z", "user": 1, "content_type": 10, "object_id": "282", "object_repr": "testWithQuestionsetre", "action_flag": 3, "change_message": ""}}, {"model": "admin.logentry", "pk": 327, "fields": {"action_time": "2020-01-20T10:39:28.217Z", "user": 1, "content_type": 10, "object_id": "283", "object_repr": "testWithQuestionsetre", "action_flag": 3, "change_message": ""}}, {"model": "admin.logentry", "pk": 328, "fields": {"action_time": "2020-01-20T10:46:21.732Z", "user": 1, "content_type": 10, "object_id": "284", "object_repr": "testWithQuestionsetre", "action_flag": 3, "change_message": ""}}, {"model": "admin.logentry", "pk": 329, "fields": {"action_time": "2020-01-20T10:49:20.158Z", "user": 1, "content_type": 10, "object_id": "286", "object_repr": "testWithQuestionsetre", "action_flag": 3, "change_message": ""}}, {"model": "admin.logentry", "pk": 330, "fields": {"action_time": "2020-01-20T10:53:25.014Z", "user": 1, "content_type": 10, "object_id": "287", "object_repr": "testWithQuestionsetre", "action_flag": 3, "change_message": ""}}, {"model": "admin.logentry", "pk": 331, "fields": {"action_time": "2020-01-20T11:03:50.432Z", "user": 1, "content_type": 10, "object_id": "291", "object_repr": "testWithQuestionsetre", "action_flag": 3, "change_message": ""}}, {"model": "admin.logentry", "pk": 332, "fields": {"action_time": "2020-01-20T11:22:29.838Z", "user": 1, "content_type": 10, "object_id": "296", "object_repr": "testWithQuestionsetre", "action_flag": 3, "change_message": ""}}, {"model": "admin.logentry", "pk": 333, "fields": {"action_time": "2020-01-20T11:28:32.092Z", "user": 1, "content_type": 10, "object_id": "300", "object_repr": "testWithQuestionsetre", "action_flag": 3, "change_message": ""}}, {"model": "admin.logentry", "pk": 334, "fields": {"action_time": "2020-01-20T13:25:37.201Z", "user": 1, "content_type": 10, "object_id": "312", "object_repr": "testWithQuestionsetre3", "action_flag": 3, "change_message": ""}}, {"model": "admin.logentry", "pk": 335, "fields": {"action_time": "2020-01-20T13:25:37.351Z", "user": 1, "content_type": 10, "object_id": "311", "object_repr": "testWithQuestionsetre2", "action_flag": 3, "change_message": ""}}, {"model": "admin.logentry", "pk": 336, "fields": {"action_time": "2020-01-20T13:25:37.462Z", "user": 1, "content_type": 10, "object_id": "309", "object_repr": "testWithQuestionsetre1", "action_flag": 3, "change_message": ""}}, {"model": "admin.logentry", "pk": 337, "fields": {"action_time": "2020-01-20T13:25:37.561Z", "user": 1, "content_type": 10, "object_id": "308", "object_repr": "testWithQuestionsetre", "action_flag": 3, "change_message": ""}}, {"model": "admin.logentry", "pk": 338, "fields": {"action_time": "2020-01-20T13:34:37.459Z", "user": 1, "content_type": 10, "object_id": "315", "object_repr": "testWithQuestionsetre", "action_flag": 3, "change_message": ""}}, {"model": "admin.logentry", "pk": 339, "fields": {"action_time": "2020-01-20T13:43:50.220Z", "user": 1, "content_type": 10, "object_id": "316", "object_repr": "testWithQuestionsetre", "action_flag": 3, "change_message": ""}}, {"model": "admin.logentry", "pk": 340, "fields": {"action_time": "2020-01-20T14:31:48.744Z", "user": 1, "content_type": 10, "object_id": "317", "object_repr": "testWithQuestionsetre", "action_flag": 3, "change_message": ""}}, {"model": "admin.logentry", "pk": 341, "fields": {"action_time": "2020-01-29T13:46:38.013Z", "user": 1, "content_type": 24, "object_id": "1", "object_repr": "None", "action_flag": 1, "change_message": "[{\"added\": {}}]"}}, {"model": "admin.logentry", "pk": 342, "fields": {"action_time": "2020-01-29T13:47:09.042Z", "user": 1, "content_type": 25, "object_id": "1", "object_repr": "FR145DERF078", "action_flag": 1, "change_message": "[{\"added\": {}}]"}}, {"model": "admin.logentry", "pk": 343, "fields": {"action_time": "2020-01-29T14:11:59.654Z", "user": 1, "content_type": 25, "object_id": "1", "object_repr": "FR145DERF078", "action_flag": 3, "change_message": ""}}, {"model": "admin.logentry", "pk": 344, "fields": {"action_time": "2020-01-29T14:12:19.878Z", "user": 1, "content_type": 24, "object_id": "1", "object_repr": "None", "action_flag": 3, "change_message": ""}}, {"model": "admin.logentry", "pk": 345, "fields": {"action_time": "2020-01-29T14:12:49.604Z", "user": 1, "content_type": 25, "object_id": "2", "object_repr": "FR145DERF078", "action_flag": 1, "change_message": "[{\"added\": {}}]"}}, {"model": "admin.logentry", "pk": 346, "fields": {"action_time": "2020-01-29T14:13:06.924Z", "user": 1, "content_type": 24, "object_id": "2", "object_repr": "None", "action_flag": 1, "change_message": "[{\"added\": {}}]"}}, {"model": "admin.logentry", "pk": 347, "fields": {"action_time": "2020-01-30T08:50:16.848Z", "user": 1, "content_type": 25, "object_id": "79", "object_repr": "FR145DERF078", "action_flag": 3, "change_message": ""}}, {"model": "admin.logentry", "pk": 348, "fields": {"action_time": "2020-01-30T08:50:16.912Z", "user": 1, "content_type": 25, "object_id": "78", "object_repr": "FR145DERF078", "action_flag": 3, "change_message": ""}}, {"model": "admin.logentry", "pk": 349, "fields": {"action_time": "2020-01-30T08:50:16.978Z", "user": 1, "content_type": 25, "object_id": "77", "object_repr": "FR145DERF078", "action_flag": 3, "change_message": ""}}, {"model": "admin.logentry", "pk": 350, "fields": {"action_time": "2020-01-30T08:50:17.045Z", "user": 1, "content_type": 25, "object_id": "76", "object_repr": "FR145DERF078", "action_flag": 3, "change_message": ""}}, {"model": "admin.logentry", "pk": 351, "fields": {"action_time": "2020-01-30T08:50:17.100Z", "user": 1, "content_type": 25, "object_id": "75", "object_repr": "FR145DERF078", "action_flag": 3, "change_message": ""}}, {"model": "admin.logentry", "pk": 352, "fields": {"action_time": "2020-01-30T08:50:17.155Z", "user": 1, "content_type": 25, "object_id": "74", "object_repr": "FR145DERF078", "action_flag": 3, "change_message": ""}}, {"model": "admin.logentry", "pk": 353, "fields": {"action_time": "2020-01-30T08:50:17.222Z", "user": 1, "content_type": 25, "object_id": "73", "object_repr": "FR145DERF078", "action_flag": 3, "change_message": ""}}, {"model": "admin.logentry", "pk": 354, "fields": {"action_time": "2020-01-30T08:50:17.285Z", "user": 1, "content_type": 25, "object_id": "72", "object_repr": "FR145DERF078", "action_flag": 3, "change_message": ""}}, {"model": "admin.logentry", "pk": 355, "fields": {"action_time": "2020-01-30T08:50:17.351Z", "user": 1, "content_type": 25, "object_id": "71", "object_repr": "FR145DERF078", "action_flag": 3, "change_message": ""}}, {"model": "admin.logentry", "pk": 356, "fields": {"action_time": "2020-01-30T08:50:17.418Z", "user": 1, "content_type": 25, "object_id": "70", "object_repr": "FR145DERF078", "action_flag": 3, "change_message": ""}}, {"model": "admin.logentry", "pk": 357, "fields": {"action_time": "2020-01-30T08:50:17.484Z", "user": 1, "content_type": 25, "object_id": "69", "object_repr": "FR145DERF078", "action_flag": 3, "change_message": ""}}, {"model": "admin.logentry", "pk": 358, "fields": {"action_time": "2020-01-30T08:50:17.596Z", "user": 1, "content_type": 25, "object_id": "68", "object_repr": "FR145DERF078", "action_flag": 3, "change_message": ""}}, {"model": "admin.logentry", "pk": 359, "fields": {"action_time": "2020-01-30T08:50:17.662Z", "user": 1, "content_type": 25, "object_id": "67", "object_repr": "FR145DERF078", "action_flag": 3, "change_message": ""}}, {"model": "admin.logentry", "pk": 360, "fields": {"action_time": "2020-01-30T08:50:17.720Z", "user": 1, "content_type": 25, "object_id": "66", "object_repr": "FR145DERF078", "action_flag": 3, "change_message": ""}}, {"model": "admin.logentry", "pk": 361, "fields": {"action_time": "2020-01-30T08:50:17.853Z", "user": 1, "content_type": 25, "object_id": "65", "object_repr": "FR145DERF078", "action_flag": 3, "change_message": ""}}, {"model": "admin.logentry", "pk": 362, "fields": {"action_time": "2020-01-30T08:50:18.264Z", "user": 1, "content_type": 25, "object_id": "64", "object_repr": "FR145DERF078", "action_flag": 3, "change_message": ""}}, {"model": "admin.logentry", "pk": 363, "fields": {"action_time": "2020-01-30T08:50:18.337Z", "user": 1, "content_type": 25, "object_id": "63", "object_repr": "FR145DERF078", "action_flag": 3, "change_message": ""}}, {"model": "admin.logentry", "pk": 364, "fields": {"action_time": "2020-01-30T08:50:18.415Z", "user": 1, "content_type": 25, "object_id": "62", "object_repr": "FR145DERF078", "action_flag": 3, "change_message": ""}}, {"model": "admin.logentry", "pk": 365, "fields": {"action_time": "2020-01-30T08:50:18.501Z", "user": 1, "content_type": 25, "object_id": "61", "object_repr": "FR145DERF078", "action_flag": 3, "change_message": ""}}, {"model": "admin.logentry", "pk": 366, "fields": {"action_time": "2020-01-30T08:50:18.581Z", "user": 1, "content_type": 25, "object_id": "60", "object_repr": "FR145DERF078", "action_flag": 3, "change_message": ""}}, {"model": "admin.logentry", "pk": 367, "fields": {"action_time": "2020-01-30T08:50:18.659Z", "user": 1, "content_type": 25, "object_id": "59", "object_repr": "FR145DERF078", "action_flag": 3, "change_message": ""}}, {"model": "admin.logentry", "pk": 368, "fields": {"action_time": "2020-01-30T08:50:18.736Z", "user": 1, "content_type": 25, "object_id": "58", "object_repr": "FR145DERF078", "action_flag": 3, "change_message": ""}}, {"model": "admin.logentry", "pk": 369, "fields": {"action_time": "2020-01-30T08:50:18.814Z", "user": 1, "content_type": 25, "object_id": "57", "object_repr": "FR145DERF078", "action_flag": 3, "change_message": ""}}, {"model": "admin.logentry", "pk": 370, "fields": {"action_time": "2020-01-30T08:50:18.891Z", "user": 1, "content_type": 25, "object_id": "56", "object_repr": "FR145DERF078", "action_flag": 3, "change_message": ""}}, {"model": "admin.logentry", "pk": 371, "fields": {"action_time": "2020-01-30T08:50:18.969Z", "user": 1, "content_type": 25, "object_id": "55", "object_repr": "FR145DERF078", "action_flag": 3, "change_message": ""}}, {"model": "admin.logentry", "pk": 372, "fields": {"action_time": "2020-01-30T08:50:19.043Z", "user": 1, "content_type": 25, "object_id": "54", "object_repr": "FR145DERF078", "action_flag": 3, "change_message": ""}}, {"model": "admin.logentry", "pk": 373, "fields": {"action_time": "2020-01-30T08:50:19.121Z", "user": 1, "content_type": 25, "object_id": "53", "object_repr": "FR145DERF078", "action_flag": 3, "change_message": ""}}, {"model": "admin.logentry", "pk": 374, "fields": {"action_time": "2020-01-30T08:50:19.198Z", "user": 1, "content_type": 25, "object_id": "52", "object_repr": "FR145DERF078", "action_flag": 3, "change_message": ""}}, {"model": "admin.logentry", "pk": 375, "fields": {"action_time": "2020-01-30T08:50:19.276Z", "user": 1, "content_type": 25, "object_id": "51", "object_repr": "FR145DERF078", "action_flag": 3, "change_message": ""}}, {"model": "admin.logentry", "pk": 376, "fields": {"action_time": "2020-01-30T08:50:19.375Z", "user": 1, "content_type": 25, "object_id": "50", "object_repr": "FR145DERF078", "action_flag": 3, "change_message": ""}}, {"model": "admin.logentry", "pk": 377, "fields": {"action_time": "2020-01-30T08:50:19.453Z", "user": 1, "content_type": 25, "object_id": "49", "object_repr": "FR145DERF078", "action_flag": 3, "change_message": ""}}, {"model": "admin.logentry", "pk": 378, "fields": {"action_time": "2020-01-30T08:50:19.552Z", "user": 1, "content_type": 25, "object_id": "48", "object_repr": "FR145DERF078", "action_flag": 3, "change_message": ""}}, {"model": "admin.logentry", "pk": 379, "fields": {"action_time": "2020-01-30T08:50:19.630Z", "user": 1, "content_type": 25, "object_id": "47", "object_repr": "FR145DERF078", "action_flag": 3, "change_message": ""}}, {"model": "admin.logentry", "pk": 380, "fields": {"action_time": "2020-01-30T08:50:19.707Z", "user": 1, "content_type": 25, "object_id": "46", "object_repr": "FR145DERF078", "action_flag": 3, "change_message": ""}}, {"model": "admin.logentry", "pk": 381, "fields": {"action_time": "2020-01-30T08:50:19.785Z", "user": 1, "content_type": 25, "object_id": "45", "object_repr": "FR145DERF078", "action_flag": 3, "change_message": ""}}, {"model": "admin.logentry", "pk": 382, "fields": {"action_time": "2020-01-30T08:50:19.862Z", "user": 1, "content_type": 25, "object_id": "44", "object_repr": "FR145DERF078", "action_flag": 3, "change_message": ""}}, {"model": "admin.logentry", "pk": 383, "fields": {"action_time": "2020-01-30T08:50:19.940Z", "user": 1, "content_type": 25, "object_id": "43", "object_repr": "FR145DERF078", "action_flag": 3, "change_message": ""}}, {"model": "admin.logentry", "pk": 384, "fields": {"action_time": "2020-01-30T08:50:20.017Z", "user": 1, "content_type": 25, "object_id": "42", "object_repr": "FR145DERF078", "action_flag": 3, "change_message": ""}}, {"model": "admin.logentry", "pk": 385, "fields": {"action_time": "2020-01-30T08:50:20.098Z", "user": 1, "content_type": 25, "object_id": "41", "object_repr": "FR145DERF078", "action_flag": 3, "change_message": ""}}, {"model": "admin.logentry", "pk": 386, "fields": {"action_time": "2020-01-30T08:50:20.175Z", "user": 1, "content_type": 25, "object_id": "40", "object_repr": "FR145DERF078", "action_flag": 3, "change_message": ""}}, {"model": "admin.logentry", "pk": 387, "fields": {"action_time": "2020-01-30T08:50:20.253Z", "user": 1, "content_type": 25, "object_id": "39", "object_repr": "FR145DERF078", "action_flag": 3, "change_message": ""}}, {"model": "admin.logentry", "pk": 388, "fields": {"action_time": "2020-01-30T08:50:20.330Z", "user": 1, "content_type": 25, "object_id": "38", "object_repr": "FR145DERF078", "action_flag": 3, "change_message": ""}}, {"model": "admin.logentry", "pk": 389, "fields": {"action_time": "2020-01-30T08:50:20.407Z", "user": 1, "content_type": 25, "object_id": "37", "object_repr": "FR145DERF078", "action_flag": 3, "change_message": ""}}, {"model": "admin.logentry", "pk": 390, "fields": {"action_time": "2020-01-30T08:50:20.485Z", "user": 1, "content_type": 25, "object_id": "36", "object_repr": "FR145DERF078", "action_flag": 3, "change_message": ""}}, {"model": "admin.logentry", "pk": 391, "fields": {"action_time": "2020-01-30T08:50:20.563Z", "user": 1, "content_type": 25, "object_id": "35", "object_repr": "FR145DERF078", "action_flag": 3, "change_message": ""}}, {"model": "admin.logentry", "pk": 392, "fields": {"action_time": "2020-01-30T08:50:20.651Z", "user": 1, "content_type": 25, "object_id": "34", "object_repr": "FR145DERF078", "action_flag": 3, "change_message": ""}}, {"model": "admin.logentry", "pk": 393, "fields": {"action_time": "2020-01-30T08:50:20.740Z", "user": 1, "content_type": 25, "object_id": "33", "object_repr": "FR145DERF078", "action_flag": 3, "change_message": ""}}, {"model": "admin.logentry", "pk": 394, "fields": {"action_time": "2020-01-30T08:50:20.828Z", "user": 1, "content_type": 25, "object_id": "32", "object_repr": "FR145DERF078", "action_flag": 3, "change_message": ""}}, {"model": "admin.logentry", "pk": 395, "fields": {"action_time": "2020-01-30T08:50:20.903Z", "user": 1, "content_type": 25, "object_id": "31", "object_repr": "FR145DERF078", "action_flag": 3, "change_message": ""}}, {"model": "admin.logentry", "pk": 396, "fields": {"action_time": "2020-01-30T08:50:20.983Z", "user": 1, "content_type": 25, "object_id": "30", "object_repr": "FR145DERF078", "action_flag": 3, "change_message": ""}}, {"model": "admin.logentry", "pk": 397, "fields": {"action_time": "2020-01-30T08:50:21.058Z", "user": 1, "content_type": 25, "object_id": "29", "object_repr": "FR145DERF078", "action_flag": 3, "change_message": ""}}, {"model": "admin.logentry", "pk": 398, "fields": {"action_time": "2020-01-30T08:50:21.135Z", "user": 1, "content_type": 25, "object_id": "28", "object_repr": "FR145DERF078", "action_flag": 3, "change_message": ""}}, {"model": "admin.logentry", "pk": 399, "fields": {"action_time": "2020-01-30T08:50:21.216Z", "user": 1, "content_type": 25, "object_id": "27", "object_repr": "FR145DERF078", "action_flag": 3, "change_message": ""}}, {"model": "admin.logentry", "pk": 400, "fields": {"action_time": "2020-01-30T08:50:21.282Z", "user": 1, "content_type": 25, "object_id": "26", "object_repr": "FR145DERF078", "action_flag": 3, "change_message": ""}}, {"model": "admin.logentry", "pk": 401, "fields": {"action_time": "2020-01-30T08:50:21.349Z", "user": 1, "content_type": 25, "object_id": "25", "object_repr": "FR145DERF078", "action_flag": 3, "change_message": ""}}, {"model": "admin.logentry", "pk": 402, "fields": {"action_time": "2020-01-30T08:50:21.415Z", "user": 1, "content_type": 25, "object_id": "24", "object_repr": "FR145DERF078", "action_flag": 3, "change_message": ""}}, {"model": "admin.logentry", "pk": 403, "fields": {"action_time": "2020-01-30T08:50:21.481Z", "user": 1, "content_type": 25, "object_id": "23", "object_repr": "FR145DERF078", "action_flag": 3, "change_message": ""}}, {"model": "admin.logentry", "pk": 404, "fields": {"action_time": "2020-01-30T08:50:21.556Z", "user": 1, "content_type": 25, "object_id": "22", "object_repr": "FR145DERF078", "action_flag": 3, "change_message": ""}}, {"model": "admin.logentry", "pk": 405, "fields": {"action_time": "2020-01-30T08:50:21.634Z", "user": 1, "content_type": 25, "object_id": "21", "object_repr": "FR145DERF078", "action_flag": 3, "change_message": ""}}, {"model": "admin.logentry", "pk": 406, "fields": {"action_time": "2020-01-30T08:50:21.703Z", "user": 1, "content_type": 25, "object_id": "20", "object_repr": "FR145DERF078", "action_flag": 3, "change_message": ""}}, {"model": "admin.logentry", "pk": 407, "fields": {"action_time": "2020-01-30T08:50:21.769Z", "user": 1, "content_type": 25, "object_id": "19", "object_repr": "FR145DERF078", "action_flag": 3, "change_message": ""}}, {"model": "admin.logentry", "pk": 408, "fields": {"action_time": "2020-01-30T08:50:21.836Z", "user": 1, "content_type": 25, "object_id": "18", "object_repr": "FR145DERF078", "action_flag": 3, "change_message": ""}}, {"model": "admin.logentry", "pk": 409, "fields": {"action_time": "2020-01-30T08:50:21.902Z", "user": 1, "content_type": 25, "object_id": "17", "object_repr": "FR145DERF078", "action_flag": 3, "change_message": ""}}, {"model": "admin.logentry", "pk": 410, "fields": {"action_time": "2020-01-30T08:50:21.969Z", "user": 1, "content_type": 25, "object_id": "16", "object_repr": "FR145DERF078", "action_flag": 3, "change_message": ""}}, {"model": "admin.logentry", "pk": 411, "fields": {"action_time": "2020-01-30T08:50:22.035Z", "user": 1, "content_type": 25, "object_id": "15", "object_repr": "FR145DERF078", "action_flag": 3, "change_message": ""}}, {"model": "admin.logentry", "pk": 412, "fields": {"action_time": "2020-01-30T08:50:22.101Z", "user": 1, "content_type": 25, "object_id": "14", "object_repr": "FR145DERF078", "action_flag": 3, "change_message": ""}}, {"model": "admin.logentry", "pk": 413, "fields": {"action_time": "2020-01-30T08:50:22.168Z", "user": 1, "content_type": 25, "object_id": "13", "object_repr": "FR145DERF078", "action_flag": 3, "change_message": ""}}, {"model": "admin.logentry", "pk": 414, "fields": {"action_time": "2020-01-30T08:50:22.256Z", "user": 1, "content_type": 25, "object_id": "12", "object_repr": "FR145DERF078", "action_flag": 3, "change_message": ""}}, {"model": "admin.logentry", "pk": 415, "fields": {"action_time": "2020-01-30T08:50:22.345Z", "user": 1, "content_type": 25, "object_id": "11", "object_repr": "FR145DERF078", "action_flag": 3, "change_message": ""}}, {"model": "admin.logentry", "pk": 416, "fields": {"action_time": "2020-01-30T08:50:22.434Z", "user": 1, "content_type": 25, "object_id": "10", "object_repr": "FR145DERF078", "action_flag": 3, "change_message": ""}}, {"model": "admin.logentry", "pk": 417, "fields": {"action_time": "2020-01-30T08:50:22.508Z", "user": 1, "content_type": 25, "object_id": "9", "object_repr": "FR145DERF078", "action_flag": 3, "change_message": ""}}, {"model": "admin.logentry", "pk": 418, "fields": {"action_time": "2020-01-30T08:50:22.585Z", "user": 1, "content_type": 25, "object_id": "8", "object_repr": "FR145DERF078", "action_flag": 3, "change_message": ""}}, {"model": "admin.logentry", "pk": 419, "fields": {"action_time": "2020-01-30T08:50:22.663Z", "user": 1, "content_type": 25, "object_id": "7", "object_repr": "FR145DERF078", "action_flag": 3, "change_message": ""}}, {"model": "admin.logentry", "pk": 420, "fields": {"action_time": "2020-01-30T08:50:22.740Z", "user": 1, "content_type": 25, "object_id": "6", "object_repr": "FR145DERF078", "action_flag": 3, "change_message": ""}}, {"model": "admin.logentry", "pk": 421, "fields": {"action_time": "2020-01-30T08:50:22.818Z", "user": 1, "content_type": 25, "object_id": "5", "object_repr": "FR145DERF078", "action_flag": 3, "change_message": ""}}, {"model": "admin.logentry", "pk": 422, "fields": {"action_time": "2020-01-30T08:50:22.896Z", "user": 1, "content_type": 25, "object_id": "4", "object_repr": "FR145DERF078", "action_flag": 3, "change_message": ""}}, {"model": "admin.logentry", "pk": 423, "fields": {"action_time": "2020-01-30T08:50:22.973Z", "user": 1, "content_type": 25, "object_id": "3", "object_repr": "FR145DERF078", "action_flag": 3, "change_message": ""}}, {"model": "admin.logentry", "pk": 424, "fields": {"action_time": "2020-01-30T08:50:23.087Z", "user": 1, "content_type": 25, "object_id": "2", "object_repr": "FR145DERF078", "action_flag": 3, "change_message": ""}}]